Mindat_id,Deposit_type,age_category,Latitude,Longitude,age_midpoint_ma,Macrostrat_raw_lithology,Macrostrat_model_lithology,GLiM_raw_lithology,GLiM_model_lithology
125,IOCG,Unknown,-19.7023545167,134.244931032,,metamorphic,metamorphic,other,other
126,Sediment-Hosted,Precambrian,-17.386763822239,131.11581797283,630.0,mafic,mafic,volcanic,volcanic
132,IOCG,Precambrian,-21.540337655,140.498235602,1532.5,felsic,felsic,metamorphic,metamorphic
134,IOCG,Precambrian,-20.7195375299,140.510681958,1532.5,metamorphic,metamorphic,mafic,mafic
511,VMS,Paleozoic,49.89466,-56.081527,464.5,mafic,mafic,volcanic,volcanic
579,VMS,Precambrian,49.7197222222,-77.7180555556,2725.0,volcanic,volcanic,volcanic,volcanic
609,VMS,Unknown,48.25427,-79.011281,,volcanic,volcanic,volcanic,volcanic
648,VMS,Mesozoic,-27.5902777778,-70.35,150.5,other,other,carbonate,carbonate
721,Magmatic sulfide,Paleozoic,41.992858333333,110.12308055556,367.0,other,other,other,other
730,Magmatic sulfide,Mesozoic,30.6986111111,101.909722222,250.2,other,other,mafic,mafic
1666,VMS,Precambrian,62.761111111111,29.0925,1800.0,siliciclastic,siliciclastic,metamorphic,metamorphic
2120,Porphyry,Cenozoic,40.533055555556,8.3341666666667,30.5,carbonate,carbonate,other,other
2355,Porphyry,Cenozoic,30.320611061173,-109.56493377686,53.8,felsic,felsic,volcanic,volcanic
2567,VMS,Cenozoic,16.859871411637,120.77577662768,1.4300000000000002,other,other,felsic,felsic
3064,Magmatic sulfide,Unknown,-24.2972222,29.8791667,,mafic,mafic,mafic,mafic
3075,Magmatic sulfide,Unknown,-30.716666666667,29.299722222222,,mafic,mafic,volcanic,volcanic
3373,Porphyry,Unknown,31.9822222222,-111.063055556,,other,other,other,other
4331,Sediment-Hosted,Unknown,-11.6344444444,27.5808333333,,other,other,metamorphic,metamorphic
4343,Sediment-Hosted,Precambrian,-12.6819444444,27.9166666667,900.0,metamorphic,metamorphic,metamorphic,metamorphic
4345,Sediment-Hosted,Precambrian,-12.5227777778,28.2361111111,900.0,metamorphic,metamorphic,metamorphic,metamorphic
4346,Sediment-Hosted,Precambrian,-13.039544,28.713245,900.0,metamorphic,metamorphic,metamorphic,metamorphic
4349,Sediment-Hosted,Paleozoic,-12.833055555556,28.201666666667,511.5,volcanic,volcanic,metamorphic,metamorphic
4350,Sediment-Hosted,Unknown,-12.7733333333,28.1591666667,,volcanic,volcanic,metamorphic,metamorphic
4364,VMS,Cenozoic,40.402012533194,140.69662520124,14.15,volcanic,volcanic,volcanic,volcanic
5793,Porphyry,Cenozoic,31.0166666667,97.9166666667,36.55,other,other,other,other
5798,Porphyry,Cenozoic,27.4,101.133333333,33.55,other,other,other,other
6001,VMS,Paleozoic,44.566012554007,-71.257580934437,470.0,volcanic,volcanic,volcanic,volcanic
6926,Porphyry,Mesozoic,44.9833333333,21.7833333333,74.005,carbonate,carbonate,carbonate,carbonate
7377,Porphyry,Paleozoic,45.6,-70.3333333333,443.0,felsic,felsic,felsic,felsic
7378,Porphyry,Paleozoic,45.5358333333,-70.2166666667,443.0,felsic,felsic,felsic,felsic
7971,Sediment-Hosted,Unknown,35.993888855,-106.896942139,,carbonate,carbonate,siliciclastic,siliciclastic
8049,Magmatic sulfide,Precambrian,46.458842,-81.080933,1785.0,siliciclastic,siliciclastic,other,other
8064,Porphyry,Cenozoic,38.4891666667,-113.1275,28.0,felsic,felsic,felsic,felsic
8182,Magmatic sulfide,Precambrian,46.5361111111,-80.9988888889,1785.0,felsic,felsic,volcanic,volcanic
8302,Sediment-Hosted,Precambrian,26.180074,103.05997,1500.0,mafic,mafic,other,other
8418,VMS,Precambrian,18.0163888889,43.7011111111,1520.5,other,other,metamorphic,metamorphic
8428,Porphyry,Cenozoic,7.33333333333,126.15,10.65,other,other,other,other
8563,VMS,Cenozoic,15.987921786818,119.95553389241,50.0,other,other,other,other
8577,Porphyry,Cenozoic,9.49166666667,122.679166667,28.45,other,other,felsic,felsic
8582,Porphyry,Cenozoic,17.3444444444,121.058333333,8.45,other,other,other,other
8587,VMS,Paleozoic,23.1097222222,97.2966666667,470.0,metamorphic,metamorphic,other,other
8588,VMS,Mesozoic,24.35,56.4,100.0,other,other,mafic,mafic
8667,VMS,Mesozoic,33.8527777778,133.313888889,170.0,other,other,metamorphic,metamorphic
8700,VMS,Precambrian,54.6611111111,-102.033333333,1520.5,volcanic,volcanic,volcanic,volcanic
8701,Magmatic sulfide,Precambrian,55.7022222222,-97.9247222222,1880.0,metamorphic,metamorphic,metamorphic,metamorphic
8744,Sediment-Hosted,Precambrian,-31.087736111111,138.67381944444,630.0,carbonate,carbonate,other,other
8794,VMS,Mesozoic,55.393361111111,-129.85136388889,226.5,mafic,mafic,volcanic,volcanic
8802,Porphyry,Cenozoic,16.6377777778,120.676666667,10.5,other,other,other,other
8831,Porphyry,Cenozoic,-6.31513109142,155.495322227,3.4,other,other,other,other
8859,Porphyry,Mesozoic,49.879444444444,-120.00638888889,143.0,felsic,felsic,felsic,felsic
8875,VMS,Mesozoic,49.61,-123.141666667,105.5,volcanic,volcanic,other,other
8945,VMS,Paleozoic,48.8230555556,-56.8661111111,452.0,mafic,mafic,volcanic,volcanic
9014,VMS,Paleozoic,50.1975,82.4347222222,398.0,other,other,volcanic,volcanic
9386,Magmatic sulfide,Mesozoic,61.4652777778,-139.5275,232.0,volcanic,volcanic,mafic,mafic
9552,VMS,Mesozoic,38.2294444444,-120.881944444,170.0,carbonate,carbonate,siliciclastic,siliciclastic
9592,VMS,Paleozoic,-35.5915697261,149.442210503,431.5,volcanic,volcanic,other,other
9697,VMS,Precambrian,64.058,24.79,1880.0,siliciclastic,siliciclastic,metamorphic,metamorphic
9736,Sediment-Hosted,Precambrian,-12.648545714661,28.040627977094,900.0,volcanic,volcanic,metamorphic,metamorphic
9743,VMS,Mesozoic,24.41869265,56.40773624,100.0,other,other,carbonate,carbonate
9786,IOCG,Precambrian,19.75,-14.3833333333,2492.0,volcanic,volcanic,metamorphic,metamorphic
9832,VMS,Precambrian,48.3061111111,-79.0672222222,3250.0,volcanic,volcanic,volcanic,volcanic
10049,Sediment-Hosted,Unknown,-12.82324,28.07512,,volcanic,volcanic,metamorphic,metamorphic
10058,VMS,Precambrian,54.8333333333,-100.283333333,1800.0,volcanic,volcanic,felsic,felsic
10328,Magmatic sulfide,Precambrian,46.476256349528,-81.06023639679,1785.0,siliciclastic,siliciclastic,other,other
10351,VMS,Precambrian,54.6513888889,-102.331388889,1520.5,volcanic,volcanic,volcanic,volcanic
10383,Magmatic sulfide,Precambrian,46.462280137519,-81.186388528286,1785.0,mafic,mafic,volcanic,volcanic
10452,VMS,Precambrian,54.722092157646,-101.70988082886,1907.5,mafic,mafic,mafic,mafic
10591,Porphyry,Precambrian,67.0725,20.9575,935.85,felsic,felsic,volcanic,volcanic
10618,VMS,Precambrian,67.8776890181,20.1402924561,2200.0,felsic,felsic,metamorphic,metamorphic
10663,VMS,Precambrian,64.8467083298,20.2762852907,1520.5,felsic,felsic,metamorphic,metamorphic
10687,VMS,Paleozoic,47.4297222222,-66.4016666667,445.0,mafic,mafic,volcanic,volcanic
10790,Sediment-Hosted,Paleozoic,45.9369444444,-64.4769444444,300.0,other,other,siliciclastic,siliciclastic
10867,VMS,Precambrian,48.0727777778,-77.7133333333,2715.0,mafic,mafic,volcanic,volcanic
10915,VMS,Precambrian,65.141854,19.157208,1950.0,siliciclastic,siliciclastic,volcanic,volcanic
10917,VMS,Precambrian,65.09996,19.102939,1520.5,felsic,felsic,metamorphic,metamorphic
10918,VMS,Precambrian,65.089900871547,14.45798134795,1950.0,volcanic,volcanic,metamorphic,metamorphic
11127,Magmatic sulfide,Precambrian,46.58,-80.795,1780.0,siliciclastic,siliciclastic,other,other
11182,VMS,Precambrian,54.763888888889,-101.88361111111,1800.0,volcanic,volcanic,metamorphic,metamorphic
11459,Porphyry,Unknown,34.4822222222,-111.856944444,,volcanic,volcanic,metamorphic,metamorphic
11605,VMS,Paleozoic,31.364692687987,-8.0559644848108,350.0,other,other,siliciclastic,siliciclastic
11734,VMS,Cenozoic,40.1669444444,140.832777778,14.15,volcanic,volcanic,volcanic,volcanic
11777,VMS,Paleozoic,47.2908333333,-66.0805555556,464.5,mafic,mafic,volcanic,volcanic
11803,VMS,Paleozoic,-41.8402208296,145.516600589,518.0,felsic,felsic,volcanic,volcanic
11824,VMS,Mesozoic,55.4333333333,-129.816666667,240.0,volcanic,volcanic,other,other
11886,VMS,Precambrian,-25.453766666667,118.57144444444,1800.0,metamorphic,metamorphic,other,other
11952,Magmatic sulfide,Unknown,-25.541142,27.184777,,mafic,mafic,mafic,mafic
11973,Porphyry,Cenozoic,18.8808333333,-101.640833333,36.0,volcanic,volcanic,felsic,felsic
12048,VMS,Precambrian,60.194208643377,23.363960814819,1800.0,siliciclastic,siliciclastic,metamorphic,metamorphic
12053,VMS,Precambrian,61.71,23.25,1900.0,felsic,felsic,volcanic,volcanic
12054,Porphyry,Precambrian,63.7708333333,25.2338888889,1850.0,siliciclastic,siliciclastic,metamorphic,metamorphic
12057,Porphyry,Mesozoic,50.6,-127.477777778,171.0,mafic,mafic,volcanic,volcanic
13126,VMS,Precambrian,63.6833333333,25.9833333333,1520.5,siliciclastic,siliciclastic,felsic,felsic
13132,VMS,Precambrian,62.4622222222,30.03,2150.0,siliciclastic,siliciclastic,metamorphic,metamorphic
13474,Sediment-Hosted,Precambrian,-32.0744438171387,138.279724121094,630.0,carbonate,carbonate,carbonate,carbonate
13477,Sediment-Hosted,Precambrian,-34.3472222222,138.917777778,650.0,carbonate,carbonate,other,other
13482,Sediment-Hosted,Precambrian,-10.9755555556,25.9002777778,900.0,other,other,metamorphic,metamorphic
13949,Sediment-Hosted,Precambrian,-12.379562748361,27.828448825423,900.0,volcanic,volcanic,metamorphic,metamorphic
13955,VMS,Precambrian,65.065722605543,18.564164400013,1890.0,metamorphic,metamorphic,volcanic,volcanic
13958,IOCG,Unknown,-33.9758333333,137.689166667,,metamorphic,metamorphic,other,other
14096,VMS,Mesozoic,24.273273850227,56.433540153503,100.0,other,other,mafic,mafic
14115,Porphyry,Cenozoic,19.0777777778,-102.031388889,33.400000000000006,volcanic,volcanic,other,other
14297,Magmatic sulfide,Precambrian,46.6511111111,-81.3777777778,1840.0,felsic,felsic,felsic,felsic
14351,Sediment-Hosted,Precambrian,-11.513835,27.440574,900.0,other,other,metamorphic,metamorphic
14738,Sediment-Hosted,Paleozoic,-11.0163888889,25.2261111111,381.0,other,other,metamorphic,metamorphic
14853,VMS,Paleozoic,49.5980555556,-55.9411111111,500.0,mafic,mafic,volcanic,volcanic
15213,Porphyry,Cenozoic,6.0270953261096,116.65560699783,7.0,carbonate,carbonate,felsic,felsic
15217,Sediment-Hosted,Precambrian,-16.8794444444,30.15,1250.0,volcanic,volcanic,metamorphic,metamorphic
15806,VMS,Precambrian,49.8738888889,-90.9708333333,2735.0,mafic,mafic,volcanic,volcanic
15930,Magmatic sulfide,Unknown,62.0086,32.6768,,volcanic,volcanic,felsic,felsic
15963,Porphyry,Precambrian,48.5225,-81.1163888889,2475.0,mafic,mafic,siliciclastic,siliciclastic
16033,Porphyry,Mesozoic,42.601169444444,24.187177777778,90.685,metamorphic,metamorphic,other,other
16144,Sediment-Hosted,Precambrian,-12.513055555556,27.854166666667,900.0,volcanic,volcanic,metamorphic,metamorphic
16397,Magmatic sulfide,Unknown,47.7083333333,-91.9416666667,,felsic,felsic,felsic,felsic
16404,Sediment-Hosted,Precambrian,-16.933055555556,30.15,2118.0,volcanic,volcanic,metamorphic,metamorphic
16510,Porphyry,Cenozoic,22.123619596776,95.03357505746,16.0,other,other,other,other
16722,Magmatic sulfide,Precambrian,46.5177777778,-81.0588888889,1785.0,mafic,mafic,volcanic,volcanic
16723,VMS,Paleozoic,47.5252777778,-66.4316666667,445.0,mafic,mafic,volcanic,volcanic
16762,VMS,Paleozoic,-31.25874246,146.8696319,510.0,volcanic,volcanic,other,other
17053,Sediment-Hosted,Precambrian,-13.4608742,24.9932957,900.0,volcanic,volcanic,metamorphic,metamorphic
17154,Sediment-Hosted,Unknown,-22.978311,17.077479,,metamorphic,metamorphic,metamorphic,metamorphic
17175,Porphyry,Cenozoic,-5.2080348283979,141.13899815844,1.15,other,other,other,other
17373,VMS,Paleozoic,33.5138888889,132.655555556,360.0,other,other,volcanic,volcanic
17460,VMS,Precambrian,54.962555555556,-99.728194444444,1800.0,felsic,felsic,volcanic,volcanic
17539,VMS,Mesozoic,15.55,-89.7166666667,100.0,other,other,mafic,mafic
17692,VMS,Paleozoic,-35.062222222222,149.57027777778,430.0,felsic,felsic,volcanic,volcanic
17816,Porphyry,Cenozoic,48.1975,-120.978888889,21.0,felsic,felsic,felsic,felsic
18255,Porphyry,Unknown,47.4966666667,-121.36,,felsic,felsic,felsic,felsic
18270,Porphyry,Cenozoic,48.0086111111,-121.503611111,28.0,volcanic,volcanic,siliciclastic,siliciclastic
18379,Magmatic sulfide,Precambrian,-21.9469444444,27.8552777778,2600.0,volcanic,volcanic,metamorphic,metamorphic
18441,Porphyry,Mesozoic,30.3333333333,-109.633333333,92.5,felsic,felsic,volcanic,volcanic
18571,VMS,Precambrian,64.8256136963,20.2283273935,1520.5,felsic,felsic,volcanic,volcanic
18578,VMS,Precambrian,65.375332040886,18.641685962502,1520.5,felsic,felsic,metamorphic,metamorphic
18580,VMS,Precambrian,64.9232070708,20.0928840623,1520.5,felsic,felsic,volcanic,volcanic
18581,VMS,Precambrian,64.9391649158,20.0698227881,1520.5,felsic,felsic,volcanic,volcanic
18583,VMS,Precambrian,64.922144814,20.2669007776,1950.0,felsic,felsic,volcanic,volcanic
18672,VMS,Paleozoic,48.462462,-3.6091719999999,400.0,carbonate,carbonate,other,other
18705,VMS,Paleozoic,51.6333333333,81.75,388.0,other,other,other,other
18790,VMS,Mesozoic,35.097000904691,32.890835189352,100.0,mafic,mafic,felsic,felsic
18837,IOCG,Unknown,63.7583,-116.9167,,felsic,felsic,felsic,felsic
18963,Magmatic sulfide,Unknown,-17.06367713504,31.655559539795,,metamorphic,metamorphic,metamorphic,metamorphic
19036,Sediment-Hosted,Precambrian,0.20487741679014,30.002605319023,2000.0,volcanic,volcanic,evaporite,other
19062,IOCG,Unknown,-20.9522349734,140.980773926,,carbonate,carbonate,other,other
19089,Sediment-Hosted,Precambrian,-32.1075,138.77,630.0,carbonate,carbonate,other,other
19265,VMS,Paleozoic,-41.588229072894,145.71030842773,502.0,felsic,felsic,volcanic,volcanic
19493,VMS,Paleozoic,45.229721069336,-116.66889190674,280.0,felsic,felsic,metamorphic,metamorphic
19949,Porphyry,Cenozoic,50.9238888889,-121.421111111,61.0,volcanic,volcanic,metamorphic,metamorphic
19966,VMS,Precambrian,56.475,-99.6372222222,1800.0,felsic,felsic,felsic,felsic
19975,VMS,Precambrian,23.851570017734,40.939985211657,800.0,other,other,metamorphic,metamorphic
20269,VMS,Paleozoic,48.291666666667,86.333333333333,371.0,other,other,carbonate,carbonate
21099,Porphyry,Mesozoic,39.04741,-119.2407,161.0,felsic,felsic,felsic,felsic
21132,Magmatic sulfide,Unknown,41.1666666667,117.383333333,,metamorphic,metamorphic,metamorphic,metamorphic
21538,Porphyry,Cenozoic,16.2627777778,120.6225,1.25,other,other,other,other
21603,VMS,Paleozoic,33.9038888889,133.541666667,360.0,other,other,metamorphic,metamorphic
21605,VMS,Precambrian,54.719166666667,-101.82527777778,1800.0,volcanic,volcanic,volcanic,volcanic
21638,Magmatic sulfide,Precambrian,-19.776944444444,29.365833333333,2705.0,volcanic,volcanic,metamorphic,metamorphic
22091,Magmatic sulfide,Unknown,22.75,33.6,,volcanic,volcanic,metamorphic,metamorphic
22183,Porphyry,Mesozoic,48.9947222222,-119.477777778,173.55,felsic,felsic,felsic,felsic
22204,Porphyry,Mesozoic,48.6144444444,-120.381944444,88.5,felsic,felsic,volcanic,volcanic
22531,Sediment-Hosted,Mesozoic,38.3108333333,-108.948888889,220.0,siliciclastic,siliciclastic,siliciclastic,siliciclastic
22701,Sediment-Hosted,Unknown,34.5166666667,-99.55,,other,other,other,other
22945,Porphyry,Cenozoic,31.8708333333,-111.133333333,62.5,volcanic,volcanic,siliciclastic,siliciclastic
22987,VMS,Mesozoic,-54.829694444444,-68.395836111111,170.0,metamorphic,metamorphic,other,other
23128,VMS,Paleozoic,64.626159,13.102498,470.0,metamorphic,metamorphic,metamorphic,metamorphic
23197,VMS,Paleozoic,37.638611111111,-6.8569444444444,320.0,volcanic,volcanic,volcanic,volcanic
23365,VMS,Precambrian,54.856080555556,-99.941711111111,1800.0,mafic,mafic,volcanic,volcanic
23547,VMS,Mesozoic,41.36028851,44.44438468,86.0,carbonate,carbonate,volcanic,volcanic
24511,Sediment-Hosted,Unknown,-12.5419553,27.8545867,,volcanic,volcanic,metamorphic,metamorphic
25286,Sediment-Hosted,Unknown,29.75589558947,34.989183355439,,carbonate,carbonate,other,other
25293,Sediment-Hosted,Paleozoic,34.81733,-97.24153,260.0,siliciclastic,siliciclastic,siliciclastic,siliciclastic
25368,Porphyry,Cenozoic,-17.245252375894,-70.613077242235,57.0,other,other,volcanic,volcanic
25444,Porphyry,Unknown,28.6322317118,-109.623084381,,siliciclastic,siliciclastic,other,other
25581,Porphyry,Cenozoic,8.5,-81.7833333333,5.0,felsic,felsic,volcanic,volcanic
25611,VMS,Mesozoic,22.89167,-83.24444,122.5,other,other,carbonate,carbonate
25612,VMS,Mesozoic,22.066666666667,-80.116666666667,145.0,other,other,carbonate,carbonate
25613,VMS,Cenozoic,20.046255874675,-75.944366455078,52.0,felsic,felsic,volcanic,volcanic
25615,VMS,Mesozoic,22.47,-84.13,145.0,other,other,carbonate,carbonate
25693,VMS,Precambrian,45.4708333333,-88.9194444444,1830.0,volcanic,volcanic,metamorphic,metamorphic
25759,Magmatic sulfide,Precambrian,56.33,-62.0952777778,1323.0,other,other,metamorphic,metamorphic
25845,Porphyry,Cenozoic,29.858957075158,-109.95820999146,58.7,felsic,felsic,volcanic,volcanic
25904,Porphyry,Cenozoic,46.3561111111,-122.080555556,19.0,mafic,mafic,volcanic,volcanic
25940,VMS,Precambrian,48.3597222222,-79.0825,2700.0,volcanic,volcanic,volcanic,volcanic
25949,Porphyry,Mesozoic,44.123348392154,22.114625566226,85.69,felsic,felsic,volcanic,volcanic
25958,Magmatic sulfide,Unknown,-24.775342067169,27.350738258634,,mafic,mafic,mafic,mafic
26138,VMS,Paleozoic,47.3966666667,-66.1297222222,445.0,mafic,mafic,volcanic,volcanic
26155,Porphyry,Mesozoic,49.018733427287,104.12498717579,230.75,volcanic,volcanic,volcanic,volcanic
26201,VMS,Paleozoic,49.6,-56.0075,500.0,mafic,mafic,volcanic,volcanic
26314,Magmatic sulfide,Unknown,-20.332577642886,30.059181153774,,mafic,mafic,metamorphic,metamorphic
26538,IOCG,Unknown,-19.4478422436,133.818891957,,metamorphic,metamorphic,other,other
26686,Porphyry,Unknown,38.98351,-119.19408,,felsic,felsic,felsic,felsic
26702,Sediment-Hosted,Precambrian,-30.1766666667,139.279166667,630.0,felsic,felsic,metamorphic,metamorphic
27056,IOCG,Unknown,22.575,103.8,,mafic,mafic,felsic,felsic
27261,Porphyry,Cenozoic,-4.0560167339,137.113198169,3.15,other,other,metamorphic,metamorphic
27717,VMS,Precambrian,19.983247964966,42.012391984463,1520.5,volcanic,volcanic,metamorphic,metamorphic
27934,VMS,Paleozoic,40.7333333333,-122.083333333,260.0,felsic,felsic,volcanic,volcanic
28042,Sediment-Hosted,Precambrian,-17.3758333333,30.0688888889,2095.5,volcanic,volcanic,metamorphic,metamorphic
28109,VMS,Mesozoic,35.074463,32.843125,105.5,mafic,mafic,felsic,felsic
28110,VMS,Mesozoic,35.1041666667,32.8458333333,100.0,mafic,mafic,felsic,felsic
28152,VMS,Mesozoic,35.036793294095,32.482280733821,100.0,metamorphic,metamorphic,felsic,felsic
28584,VMS,Paleozoic,13.2,124.15,396.5,unknown,unknown,unknown,unknown
28588,Porphyry,Unknown,10.313948183707,123.71268376923,,other,other,other,other
28719,VMS,Paleozoic,34.2475,135.438888889,360.0,other,other,metamorphic,metamorphic
28720,VMS,Paleozoic,34.0288888889,134.322222222,360.0,other,other,metamorphic,metamorphic
28721,VMS,Paleozoic,34.0211111111,134.225,360.0,other,other,metamorphic,metamorphic
28722,VMS,Paleozoic,35.085,137.833333333,360.0,other,other,metamorphic,metamorphic
28723,VMS,Paleozoic,33.8277777778,133.472222222,360.0,other,other,metamorphic,metamorphic
28724,VMS,Paleozoic,36.6291666667,140.605555556,320.0,other,other,other,other
29703,VMS,Precambrian,65.372503014476,18.649008035572,1520.5,felsic,felsic,metamorphic,metamorphic
30621,Sediment-Hosted,Precambrian,34.2718898,69.2937133,770.5,metamorphic,metamorphic,other,other
30976,Porphyry,Cenozoic,29.805,-104.4025,60.2,carbonate,carbonate,siliciclastic,siliciclastic
32000,Porphyry,Cenozoic,32.0275,-111.080555556,56.0,other,other,other,other
32562,Sediment-Hosted,Cenozoic,-19.361370105939,-66.861841680366,45.0,other,other,other,other
32728,VMS,Unknown,67.137472,16.059489,,carbonate,carbonate,metamorphic,metamorphic
32750,IOCG,Unknown,63.548220882342,-116.74073296354,,felsic,felsic,felsic,felsic
32790,VMS,Unknown,59.3572222222,5.23083333333,,volcanic,volcanic,metamorphic,metamorphic
33241,Porphyry,Precambrian,64.9872222222,19.7716666667,1887.5,felsic,felsic,volcanic,volcanic
33954,VMS,Paleozoic,64.853111,13.884918,464.5,metamorphic,metamorphic,metamorphic,metamorphic
34420,VMS,Paleozoic,68.200929,15.991373,431.5,felsic,felsic,felsic,felsic
34428,VMS,Paleozoic,67.095265,16.001146,470.0,carbonate,carbonate,metamorphic,metamorphic
34975,Porphyry,Cenozoic,-27.3297222222,-66.6088888889,7.5,other,other,volcanic,volcanic
35613,VMS,Paleozoic,68.329524898,16.7902514037,464.5,metamorphic,metamorphic,metamorphic,metamorphic
36285,VMS,Unknown,67.132786,16.089266,,carbonate,carbonate,metamorphic,metamorphic
36363,VMS,Paleozoic,62.10968,9.824278,470.0,metamorphic,metamorphic,metamorphic,metamorphic
36818,Porphyry,Mesozoic,-30.241578766321,-71.102801250415,141.9,other,other,other,other
37441,Porphyry,Unknown,35.3674943,-114.1410656,,felsic,felsic,felsic,felsic
39275,Porphyry,Cenozoic,-21.9205555556,-68.8325,36.0,other,other,felsic,felsic
41271,Sediment-Hosted,Paleozoic,-11.1688888889,27.0091666667,436.0,other,other,metamorphic,metamorphic
41272,Sediment-Hosted,Precambrian,-10.9525,26.7722222222,900.0,other,other,metamorphic,metamorphic
41275,Sediment-Hosted,Precambrian,-10.8466666667,26.4783333333,900.0,other,other,metamorphic,metamorphic
42054,Sediment-Hosted,Unknown,31.169445037842,-104.90000152588,,carbonate,carbonate,siliciclastic,siliciclastic
42058,Sediment-Hosted,Unknown,31.224445343018,-104.90528106689,,carbonate,carbonate,siliciclastic,siliciclastic
42400,Sediment-Hosted,Precambrian,-10.728248534883,26.381352481256,900.0,other,other,metamorphic,metamorphic
43252,IOCG,Cenozoic,-31.4277777778,140.468611111,14.05,other,other,other,other
43585,Porphyry,Unknown,-0.5,113.183333333,,other,other,siliciclastic,siliciclastic
44061,VMS,Precambrian,34.4558333333,-112.193888889,1640.0,volcanic,volcanic,metamorphic,metamorphic
44124,Porphyry,Mesozoic,32.96821,-107.5417,75.0,volcanic,volcanic,volcanic,volcanic
44460,VMS,Paleozoic,-23.300852777778,150.65216944444,270.0,mafic,mafic,siliciclastic,siliciclastic
44769,VMS,Precambrian,34.545,-113.230277778,1370.0,volcanic,volcanic,metamorphic,metamorphic
45680,Sediment-Hosted,Precambrian,47.48157,-115.72882,1500.0,siliciclastic,siliciclastic,siliciclastic,siliciclastic
45788,Sediment-Hosted,Unknown,47.49017,-115.76322,,siliciclastic,siliciclastic,siliciclastic,siliciclastic
45790,Sediment-Hosted,Unknown,47.499249132,-115.75112466,,siliciclastic,siliciclastic,siliciclastic,siliciclastic
45920,VMS,Precambrian,64.958201522173,19.837623594794,1520.5,felsic,felsic,volcanic,volcanic
46287,VMS,Unknown,67.14302,16.034353,,carbonate,carbonate,metamorphic,metamorphic
46329,VMS,Paleozoic,62.15085,10.087722,464.5,mafic,mafic,metamorphic,metamorphic
46414,VMS,Precambrian,65.006890719953,19.613289356057,1520.5,felsic,felsic,volcanic,volcanic
46745,VMS,Paleozoic,38.281718,-7.729614,518.0,volcanic,volcanic,metamorphic,metamorphic
46971,VMS,Unknown,34.4555555556,-112.192777778,,volcanic,volcanic,metamorphic,metamorphic
46972,IOCG,Unknown,41.859761,78.195299,,other,other,other,other
47606,Porphyry,Paleozoic,42.66526992821,75.579408637148,424.0,other,other,felsic,felsic
47837,VMS,Paleozoic,69.736273,21.591482,492.5,carbonate,carbonate,metamorphic,metamorphic
47950,Magmatic sulfide,Precambrian,61.6805555556,-73.6833333333,1899.0,mafic,mafic,volcanic,volcanic
48271,VMS,Precambrian,35.759107943126,-105.66824490989,1520.5,volcanic,volcanic,volcanic,volcanic
48424,VMS,Paleozoic,62.795424,11.473154,470.0,metamorphic,metamorphic,other,other
48983,Magmatic sulfide,Unknown,33.25,106.366666667,,other,other,volcanic,volcanic
50665,VMS,Precambrian,34.500831604004,-112.25666809082,1640.0,carbonate,carbonate,siliciclastic,siliciclastic
50863,Porphyry,Mesozoic,32.67,-110.67,68.0,carbonate,carbonate,siliciclastic,siliciclastic
51058,Porphyry,Mesozoic,32.5230555556,-111.901944444,66.0,felsic,felsic,felsic,felsic
52775,Porphyry,Cenozoic,33.061157395057,-111.40899089207,34.74,other,other,other,other
53487,Porphyry,Cenozoic,32.954448464616,-111.81661605835,63.0,felsic,felsic,felsic,felsic
53669,VMS,Cenozoic,38.1527777778,140.197222222,14.15,volcanic,volcanic,volcanic,volcanic
54260,Porphyry,Cenozoic,-22.85357,-69.34511,63.5,other,other,siliciclastic,siliciclastic
54489,Porphyry,Cenozoic,43.0927777778,-111.322777778,50.0,felsic,felsic,siliciclastic,siliciclastic
55427,Porphyry,Cenozoic,-17.0455555556,-70.7072222222,51.0,other,other,volcanic,volcanic
55597,Porphyry,Unknown,-16.5352777778,-71.5916666667,,other,other,metamorphic,metamorphic
55929,Sediment-Hosted,Paleozoic,48.26667,67.3333,300.0,other,other,carbonate,carbonate
56379,VMS,Paleozoic,33.9333333333,133.633333333,360.0,other,other,metamorphic,metamorphic
56760,Magmatic sulfide,Unknown,-23.987938588912,28.904128281476,,mafic,mafic,mafic,mafic
56940,VMS,Unknown,48.293,-2.933,,carbonate,carbonate,other,other
58352,Porphyry,Cenozoic,-18.0416666667,178.175,5.6,mafic,mafic,volcanic,volcanic
58783,VMS,Paleozoic,40.5422222222,-117.556944444,300.0,mafic,mafic,siliciclastic,siliciclastic
59571,Porphyry,Cenozoic,40.6875,-117.083333333,38.0,mafic,mafic,other,other
60100,VMS,Mesozoic,-0.39,-78.925,89.45,other,other,volcanic,volcanic
60101,VMS,Mesozoic,-0.925533,-79.061604,117.45,other,other,carbonate,carbonate
60164,Porphyry,Mesozoic,40.6119444444,-117.036111111,86.0,carbonate,carbonate,siliciclastic,siliciclastic
62514,Porphyry,Unknown,33.0666666667,-110.796111111,,mafic,mafic,other,other
63180,Porphyry,Mesozoic,35.4833333333,-115.133333333,72.5,volcanic,volcanic,metamorphic,metamorphic
63563,Porphyry,Unknown,33.535833,54.544444,,other,other,other,other
64347,Porphyry,Unknown,39.03,-119.18,,other,other,other,other
64578,VMS,Mesozoic,41.416934906985,44.542694091797,90.0,carbonate,carbonate,volcanic,volcanic
64759,Porphyry,Cenozoic,29.9997222222,114.837777778,17.83,other,other,carbonate,carbonate
65223,Sediment-Hosted,Cenozoic,-17.68,-68.37,45.0,other,other,other,other
65283,VMS,Precambrian,60.229,23.539,1520.5,felsic,felsic,volcanic,volcanic
65285,IOCG,Precambrian,-20.739163888889,140.65382222222,1532.5,mafic,mafic,other,other
66858,VMS,Precambrian,34.50232,-83.9593,850.0,volcanic,volcanic,metamorphic,metamorphic
66898,VMS,Precambrian,33.75774,-84.93281,850.0,metamorphic,metamorphic,metamorphic,metamorphic
68115,Sediment-Hosted,Precambrian,62.691902777778,-126.665375,699.0,carbonate,carbonate,other,other
68188,VMS,Paleozoic,-20.7303225905,140.420393451,477.5,metamorphic,metamorphic,mafic,mafic
68700,Porphyry,Unknown,32.5891666667,-112.053888889,,carbonate,carbonate,siliciclastic,siliciclastic
69552,Porphyry,Cenozoic,9.8035347634699,122.45720684612,30.0,other,other,other,other
71511,Sediment-Hosted,Precambrian,30.0944444444,-8.35,900.0,mafic,mafic,metamorphic,metamorphic
73136,VMS,Cenozoic,42.475,141.05,15.0,felsic,felsic,volcanic,volcanic
73255,VMS,Mesozoic,19.036683507473,-100.22958260237,120.0,metamorphic,metamorphic,metamorphic,metamorphic
75449,VMS,Mesozoic,37.9763888889,-120.642777778,170.0,felsic,felsic,volcanic,volcanic
81928,VMS,Mesozoic,37.6013888889,-120.315833333,170.0,volcanic,volcanic,volcanic,volcanic
84746,VMS,Mesozoic,39.1155555556,-121.270555556,170.0,felsic,felsic,volcanic,volcanic
85223,VMS,Mesozoic,39.0308333333,-121.288055556,170.0,felsic,felsic,volcanic,volcanic
86332,Porphyry,Mesozoic,40.2166666667,-120.783333333,100.0,felsic,felsic,felsic,felsic
92443,VMS,Paleozoic,40.7252777778,-122.498055556,390.0,felsic,felsic,volcanic,volcanic
92495,VMS,Paleozoic,40.7991666667,-122.202777778,260.0,felsic,felsic,volcanic,volcanic
93923,VMS,Mesozoic,41.95,-123.1,159.0,metamorphic,metamorphic,siliciclastic,siliciclastic
98618,VMS,Mesozoic,39.175,-121.291666667,150.0,felsic,felsic,volcanic,volcanic
105775,Sediment-Hosted,Mesozoic,32.75,-0.583333333333,115.0,other,other,carbonate,carbonate
107252,Porphyry,Cenozoic,46.0108333333,-112.48,60.5,felsic,felsic,felsic,felsic
108163,VMS,Cenozoic,35.1644444444,132.441666667,15.0,felsic,felsic,other,other
108197,Porphyry,Cenozoic,-20.0447222222,-69.2597222222,51.8,felsic,felsic,felsic,felsic
109677,VMS,Precambrian,-28.7780555556,116.962777778,3250.0,felsic,felsic,siliciclastic,siliciclastic
109688,VMS,Precambrian,-27.046141130114,117.71221058717,3200.0,mafic,mafic,mafic,mafic
114858,Porphyry,Mesozoic,37.4063888889,-108.088333333,67.5,siliciclastic,siliciclastic,siliciclastic,siliciclastic
122228,Porphyry,Cenozoic,-31.7138888889,-70.4888888889,9.8,volcanic,volcanic,volcanic,volcanic
122266,IOCG,Unknown,31.8333333333,59.0,,felsic,felsic,volcanic,volcanic
122759,Magmatic sulfide,Precambrian,-27.8152777778,120.704166667,2705.0,mafic,mafic,siliciclastic,siliciclastic
122767,Magmatic sulfide,Precambrian,-26.8833333333,120.383333333,2705.0,mafic,mafic,other,other
122804,Porphyry,Mesozoic,50.480831312986,-121.0142405168,196.0,felsic,felsic,felsic,felsic
122945,Porphyry,Cenozoic,-9.797208,160.022208,1.95,mafic,mafic,other,other
122949,VMS,Precambrian,-21.0805555556,116.925,3200.0,mafic,mafic,volcanic,volcanic
122950,Porphyry,Precambrian,-21.65937462058,119.97837714324,2500.0,felsic,felsic,siliciclastic,siliciclastic
122951,Porphyry,Precambrian,-21.788877237102,119.87376717439,2500.0,mafic,mafic,volcanic,volcanic
123105,Sediment-Hosted,Precambrian,-13.1325,28.3925,900.0,metamorphic,metamorphic,metamorphic,metamorphic
123423,Magmatic sulfide,Unknown,47.7208333333,-91.8241666667,,mafic,mafic,mafic,mafic
124002,Sediment-Hosted,Precambrian,46.8333333333,-87.75,2000.0,siliciclastic,siliciclastic,siliciclastic,siliciclastic
125608,VMS,Mesozoic,35.036111111111,33.116388888889,100.0,mafic,mafic,felsic,felsic
126508,Sediment-Hosted,Precambrian,-23.7894444444,16.6438888889,602.5,metamorphic,metamorphic,metamorphic,metamorphic
126948,Sediment-Hosted,Precambrian,-30.5233954,138.5314475,630.0,carbonate,carbonate,other,other
127294,IOCG,Precambrian,-20.625,140.688333333,1532.5,metamorphic,metamorphic,metamorphic,metamorphic
127444,Porphyry,Paleozoic,43.00348378007,106.85218868256,368.1,felsic,felsic,felsic,felsic
131133,Porphyry,Cenozoic,41.1218,41.9498,37.3,volcanic,volcanic,volcanic,volcanic
131315,VMS,Paleozoic,45.7719444444,-71.31,464.5,volcanic,volcanic,volcanic,volcanic
131316,VMS,Unknown,40.3472222222,140.766666667,,volcanic,volcanic,volcanic,volcanic
132210,Porphyry,Unknown,48.23,-121.5658,,metamorphic,metamorphic,metamorphic,metamorphic
132305,Sediment-Hosted,Cenozoic,-17.4789,-68.356,45.0,other,other,siliciclastic,siliciclastic
132814,Porphyry,Precambrian,19.7,-97.8166666667,1880.5,carbonate,carbonate,volcanic,volcanic
133117,Porphyry,Cenozoic,-22.5333333333,-69.9166666667,65.7,other,other,volcanic,volcanic
134565,Porphyry,Cenozoic,29.4694444444,90.0277777778,15.5,felsic,felsic,felsic,felsic
134575,Porphyry,Cenozoic,29.6294444444,91.5988888889,14.15,other,other,felsic,felsic
134599,Magmatic sulfide,Precambrian,22.8583333333,102.966666667,945.0,other,other,siliciclastic,siliciclastic
134605,VMS,Precambrian,24.1,101.683333333,1850.0,other,other,siliciclastic,siliciclastic
134676,Porphyry,Mesozoic,31.1416666667,117.283333333,148.0,volcanic,volcanic,felsic,felsic
134745,IOCG,Precambrian,26.183333333333,102.98333333333,1500.0,mafic,mafic,other,other
135092,Sediment-Hosted,Cenozoic,-17.329166666667,-68.407777777778,45.0,other,other,siliciclastic,siliciclastic
135234,Sediment-Hosted,Unknown,-31.1130555556,137.153055556,,siliciclastic,siliciclastic,siliciclastic,siliciclastic
135235,IOCG,Unknown,-31.2144444444,137.497222222,,siliciclastic,siliciclastic,siliciclastic,siliciclastic
135329,Porphyry,Cenozoic,29.5111111111,90.0,13.765,felsic,felsic,felsic,felsic
136123,Porphyry,Unknown,45.3563888889,-113.993611111,,siliciclastic,siliciclastic,metamorphic,metamorphic
142172,Porphyry,Cenozoic,29.5,91.4055555556,13.45,other,other,felsic,felsic
142173,Porphyry,Cenozoic,30.0,98.5,38.0,other,other,siliciclastic,siliciclastic
142174,Porphyry,Cenozoic,31.2333333333,97.8666666667,37.5,other,other,other,other
142183,Porphyry,Cenozoic,31.1666666667,97.8583333333,36.0,other,other,other,other
142185,Porphyry,Cenozoic,30.4666666667,98.5,43.5,other,other,other,other
142186,Porphyry,Cenozoic,31.4833333333,97.35,42.0,other,other,other,other
142189,Porphyry,Cenozoic,29.4916666667,90.9222222222,14.67,other,other,felsic,felsic
142195,Porphyry,Cenozoic,31.25,97.7333333333,38.5,other,other,other,other
142686,Porphyry,Paleozoic,42.0666666667,92.5333333333,343.0,other,other,other,other
142687,Porphyry,Paleozoic,42.1166666667,92.6166666667,344.6,other,other,siliciclastic,siliciclastic
142688,Porphyry,Paleozoic,42.3583333333,94.7555555556,367.0,other,other,siliciclastic,siliciclastic
142689,Porphyry,Paleozoic,42.1666666667,92.85,357.5,other,other,other,other
142690,Porphyry,Paleozoic,42.2,92.9666666667,373.0,other,other,other,other
142691,Porphyry,Paleozoic,42.5333333333,91.9166666667,348.0,other,other,other,other
142692,Porphyry,Mesozoic,28.038611111111,99.989722222222,213.0,other,other,felsic,felsic
142695,Porphyry,Paleozoic,42.25,112.5,430.5,other,other,siliciclastic,siliciclastic
142696,Porphyry,Mesozoic,49.425,117.298888889,178.0,other,other,felsic,felsic
142697,Porphyry,Mesozoic,32.0666666667,119.1,114.5,volcanic,volcanic,other,other
142698,Porphyry,Paleozoic,50.1313888889,125.786111111,390.5,other,other,volcanic,volcanic
142699,Porphyry,Mesozoic,29.8172222222,115.4525,106.05,other,other,carbonate,carbonate
142700,Porphyry,Precambrian,35.3166666667,111.666666667,2150.0,felsic,felsic,other,other
142703,Porphyry,Cenozoic,29.65,87.479166666667,25.3,other,other,volcanic,volcanic
143447,Magmatic sulfide,Unknown,42.866666666667,127.375,,metamorphic,metamorphic,felsic,felsic
143624,Magmatic sulfide,Unknown,41.670833333333,125.70833333333,,felsic,felsic,felsic,felsic
143633,Magmatic sulfide,Mesozoic,43.3027777778,127.419444444,196.0,other,other,other,other
143648,Magmatic sulfide,Mesozoic,42.8833333333,126.5,208.0,other,other,metamorphic,metamorphic
143685,Magmatic sulfide,Unknown,43.1291666667,129.668055556,,other,other,other,other
143718,Porphyry,Unknown,-32.7227777778,148.195,,mafic,mafic,volcanic,volcanic
143888,VMS,Paleozoic,42.35,113.433333333,288.0,other,other,other,other
143892,Porphyry,Paleozoic,-32.9669601279,147.758734576,447.0,felsic,felsic,other,other
144051,Magmatic sulfide,Paleozoic,42.3367557,94.73407634,268.35,other,other,siliciclastic,siliciclastic
144069,Magmatic sulfide,Paleozoic,42.25,94.1166666667,268.35,other,other,siliciclastic,siliciclastic
144070,Magmatic sulfide,Paleozoic,42.15,94.2666666667,268.35,other,other,siliciclastic,siliciclastic
144071,Magmatic sulfide,Paleozoic,42.29718102,94.60404525,285.0,other,other,other,other
144072,Magmatic sulfide,Paleozoic,42.2166666667,94.6833333333,268.35,other,other,siliciclastic,siliciclastic
144073,Magmatic sulfide,Paleozoic,42.39329096,94.58143114,268.35,other,other,siliciclastic,siliciclastic
144081,Magmatic sulfide,Paleozoic,42.70423487,95.70082923,283.0,other,other,other,other
144083,Magmatic sulfide,Unknown,41.92970185,94.98848499,,other,other,felsic,felsic
144270,IOCG,Paleozoic,46.8480555556,89.7130555556,275.5,other,other,felsic,felsic
144272,VMS,Paleozoic,47.3527777778,89.1983333333,373.0,other,other,felsic,felsic
144450,Magmatic sulfide,Unknown,45.1277777778,131.344444444,,other,other,mafic,mafic
144548,IOCG,Precambrian,25.5472222222,102.229166667,1520.5,mafic,mafic,other,other
144713,Magmatic sulfide,Unknown,36.05,102.2,,mafic,mafic,felsic,felsic
144903,VMS,Mesozoic,31.25,99.5666666667,233.0,other,other,carbonate,carbonate
144955,VMS,Paleozoic,36.6427777778,104.262222222,445.0,mafic,mafic,volcanic,volcanic
144957,VMS,Paleozoic,36.6577777778,104.229444444,515.0,mafic,mafic,volcanic,volcanic
144964,VMS,Paleozoic,36.783333333333,103.7,515.0,mafic,mafic,other,other
144966,VMS,Paleozoic,36.64905,104.25845,515.0,mafic,mafic,volcanic,volcanic
145027,VMS,Precambrian,34.9,106.483333333,750.0,metamorphic,metamorphic,other,other
145060,VMS,Paleozoic,37.4,101.1,445.0,mafic,mafic,metamorphic,metamorphic
145237,VMS,Precambrian,29.9333333333,120.5,889.0,other,other,other,other
145879,IOCG,Precambrian,-6.43083773729,-50.068699121475,2675.0,felsic,felsic,felsic,felsic
145884,IOCG,Unknown,-6.382435109319,-49.547460855723,,metamorphic,metamorphic,metamorphic,metamorphic
146259,VMS,Mesozoic,44.2083333333,142.702777778,100.0,mafic,mafic,siliciclastic,siliciclastic
147060,Magmatic sulfide,Paleozoic,26.3166666667,102.083333333,263.0,other,other,siliciclastic,siliciclastic
147067,Magmatic sulfide,Unknown,26.7952777778,101.575,,other,other,metamorphic,metamorphic
147142,VMS,Paleozoic,59.349836,5.232108,464.5,volcanic,volcanic,metamorphic,metamorphic
147151,VMS,Precambrian,28.4938888889,101.688888889,1900.0,other,other,metamorphic,metamorphic
153539,Sediment-Hosted,Mesozoic,26.5225,102.2,100.0,other,other,other,other
155468,Sediment-Hosted,Precambrian,24.116666666667,102.16666666667,1500.0,mafic,mafic,siliciclastic,siliciclastic
155526,Magmatic sulfide,Unknown,25.05,100.866666667,,mafic,mafic,other,other
155678,Sediment-Hosted,Precambrian,24.15,102.16666666667,1500.0,mafic,mafic,siliciclastic,siliciclastic
155865,Magmatic sulfide,Paleozoic,25.7833333333,101.9,261.0,other,other,other,other
155867,Porphyry,Mesozoic,-38.25,-70.5833333333,74.0,volcanic,volcanic,other,other
155898,Porphyry,Cenozoic,29.6833333333,88.9333333333,35.55,other,other,felsic,felsic
155979,Porphyry,Cenozoic,8.63333333333,-82.2,3.95,felsic,felsic,volcanic,volcanic
156937,VMS,Paleozoic,45.3191666667,-71.9202777778,470.0,siliciclastic,siliciclastic,metamorphic,metamorphic
157684,Magmatic sulfide,Precambrian,24.975,108.758333333,1064.0,mafic,mafic,siliciclastic,siliciclastic
158668,VMS,Paleozoic,37.585133778547,-7.1153895556927,353.0,carbonate,carbonate,other,other
158696,Porphyry,Cenozoic,23.4333333333,121.45,21.5,felsic,felsic,volcanic,volcanic
158934,IOCG,Unknown,-26.558435795857,-70.325290753794,,other,other,other,other
158941,IOCG,Unknown,67.769281,20.146252,,volcanic,volcanic,volcanic,volcanic
159565,VMS,Cenozoic,40.278527979238,140.67520582896,15.0,volcanic,volcanic,volcanic,volcanic
162015,Porphyry,Cenozoic,47.0258333333,-112.36,46.0,carbonate,carbonate,siliciclastic,siliciclastic
163419,Sediment-Hosted,Unknown,48.0694444444,-115.637777778,,carbonate,carbonate,siliciclastic,siliciclastic
164790,Sediment-Hosted,Precambrian,48.2294444444,-115.898611111,1500.0,carbonate,carbonate,siliciclastic,siliciclastic
166723,Magmatic sulfide,Unknown,47.7502777778,-91.8177777778,,felsic,felsic,felsic,felsic
171360,VMS,Cenozoic,40.25,140.6,15.0,volcanic,volcanic,volcanic,volcanic
183025,Porphyry,Cenozoic,40.615907067831,-111.40513630613,33.0,felsic,felsic,other,other
183459,Porphyry,Cenozoic,39.8580555556,-112.125,35.5,felsic,felsic,siliciclastic,siliciclastic
185349,Sediment-Hosted,Precambrian,-10.815,26.5886111111,900.0,other,other,metamorphic,metamorphic
185556,Porphyry,Cenozoic,22.815784307634,103.02956451205,36.0,other,other,other,other
185558,Porphyry,Cenozoic,22.8833333333,102.583333333,34.05,other,other,other,other
185761,Magmatic sulfide,Unknown,41.86751307,94.92629621,,other,other,other,other
185767,Magmatic sulfide,Unknown,40.21668356,91.51722021,,other,other,other,other
185781,Sediment-Hosted,Cenozoic,-18.181922222222,-68.192369444444,45.0,other,other,other,other
186441,VMS,Mesozoic,31.5666666667,99.3,217.0,other,other,carbonate,carbonate
186761,VMS,Paleozoic,24.3333333333,99.75,300.0,metamorphic,metamorphic,siliciclastic,siliciclastic
186817,VMS,Precambrian,49.7694444444,-77.5705555556,2725.0,felsic,felsic,mafic,mafic
186819,VMS,Precambrian,49.7891666667,-77.8355555556,2725.0,volcanic,volcanic,volcanic,volcanic
186820,VMS,Precambrian,49.7755555556,-77.6575,3250.0,volcanic,volcanic,volcanic,volcanic
186826,VMS,Precambrian,49.7269444444,-77.7455555556,3250.0,volcanic,volcanic,volcanic,volcanic
186827,VMS,Precambrian,49.71,-77.7077777778,3250.0,volcanic,volcanic,volcanic,volcanic
187080,Sediment-Hosted,Unknown,27.95,110.116666667,,other,other,other,other
187092,Sediment-Hosted,Cenozoic,26.5416666667,112.475,64.0,other,other,carbonate,carbonate
187465,Porphyry,Cenozoic,18.9166666667,102.933333333,53.0,metamorphic,metamorphic,felsic,felsic
187984,VMS,Cenozoic,60.0583333333,-147.903333333,20.0,volcanic,volcanic,unknown,unknown
187986,VMS,Cenozoic,60.02175,-147.91921,60.0,carbonate,carbonate,siliciclastic,siliciclastic
187989,VMS,Cenozoic,60.8947222222,-146.701388889,60.0,carbonate,carbonate,siliciclastic,siliciclastic
187990,VMS,Cenozoic,60.8533333333,-146.5375,49.95,mafic,mafic,volcanic,volcanic
188080,VMS,Cenozoic,40.323333333333,140.55333333333,14.15,volcanic,volcanic,other,other
188137,Sediment-Hosted,Mesozoic,-27.7583333333,-70.1916666667,121.0,volcanic,volcanic,volcanic,volcanic
188882,Sediment-Hosted,Unknown,-8.8968317923421,28.268504280197,,other,other,metamorphic,metamorphic
189175,Porphyry,Cenozoic,-20.9927777778,-68.6372222222,34.95,other,other,siliciclastic,siliciclastic
190419,VMS,Paleozoic,54.166353512661,59.293088063831,390.5,mafic,mafic,volcanic,volcanic
190420,VMS,Paleozoic,51.42382079,60.20430834,375.0,felsic,felsic,carbonate,carbonate
190656,Magmatic sulfide,Unknown,-21.212079647903,27.765530415137,,volcanic,volcanic,metamorphic,metamorphic
190718,IOCG,Precambrian,-6.4192737725761,-50.063018153994,2675.0,felsic,felsic,metamorphic,metamorphic
191095,Porphyry,Cenozoic,-6.4,-49.6166666667,19.5,felsic,felsic,felsic,felsic
191196,IOCG,Unknown,-27.526505311158,-70.294626892646,,other,other,other,other
191199,Porphyry,Cenozoic,-23.8883333333,-69.3141666667,56.835,other,other,volcanic,volcanic
191200,Porphyry,Cenozoic,-23.410833,-68.818888,42.0,other,other,siliciclastic,siliciclastic
191789,IOCG,Precambrian,-20.4442714432,140.705879402,1518.5,felsic,felsic,other,other
191790,IOCG,Precambrian,-22.0933175,140.572909,1532.5,siliciclastic,siliciclastic,other,other
191823,Porphyry,Precambrian,28.033333,-113.56666,785.5,siliciclastic,siliciclastic,other,other
191825,IOCG,Unknown,65.082098723874,-134.25716069779,,carbonate,carbonate,other,other
191826,IOCG,Unknown,64.995973603824,-133.998246987,,carbonate,carbonate,other,other
191827,IOCG,Unknown,65.04972402761,-138.13556224874,,carbonate,carbonate,other,other
191828,IOCG,Unknown,65.046936236276,-134.62832740633,,siliciclastic,siliciclastic,other,other
191829,IOCG,Unknown,64.973060423158,-134.40582926709,,carbonate,carbonate,siliciclastic,siliciclastic
191830,IOCG,Unknown,65.026038635097,-134.41257478951,,siliciclastic,siliciclastic,other,other
191851,VMS,Mesozoic,35.4333333333,99.6833333333,250.0,other,other,other,other
191957,Porphyry,Paleozoic,53.4333333333,96.6666666667,400.0,other,other,carbonate,carbonate
191971,Porphyry,Cenozoic,-7.01666666667,-78.3166666667,17.0,other,other,other,other
191972,Porphyry,Cenozoic,-7.0383782713972,-78.321445428196,20.020000000000003,other,other,carbonate,carbonate
191973,Porphyry,Cenozoic,-6.915,-78.3594444444,15.675,other,other,carbonate,carbonate
192016,Magmatic sulfide,Unknown,36.6,100.866666667,,other,other,metamorphic,metamorphic
192017,VMS,Paleozoic,38.247394,100.02285,515.0,other,other,volcanic,volcanic
192018,VMS,Paleozoic,37.4166666667,102.0,480.0,mafic,mafic,volcanic,volcanic
192115,Porphyry,Paleozoic,-39.1833333333,-70.6333333333,281.0,other,other,felsic,felsic
192116,VMS,Paleozoic,61.426944444444,-130.13222222222,360.0,siliciclastic,siliciclastic,metamorphic,metamorphic
192120,VMS,Paleozoic,61.883333333333,-131.41666666667,390.0,mafic,mafic,volcanic,volcanic
192198,VMS,Mesozoic,40.6175,39.347777777778,83.0,volcanic,volcanic,volcanic,volcanic
192407,Sediment-Hosted,Mesozoic,25.8583333333,101.391666667,70.0,other,other,siliciclastic,siliciclastic
192786,Magmatic sulfide,Precambrian,24.995422222222,108.77481388889,1004.0,mafic,mafic,volcanic,volcanic
192788,Magmatic sulfide,Precambrian,24.991786111111,108.85221944444,962.0,mafic,mafic,volcanic,volcanic
193448,VMS,Precambrian,54.860116666667,-99.994002777778,1800.0,mafic,mafic,volcanic,volcanic
193482,VMS,Unknown,41.2517,41.5811,,volcanic,volcanic,volcanic,volcanic
193486,VMS,Mesozoic,40.87,38.6666,80.0,volcanic,volcanic,volcanic,volcanic
193982,VMS,Paleozoic,53.107081,55.367362,381.5,carbonate,carbonate,other,other
194033,VMS,Paleozoic,56.71,60.09,410.0,mafic,mafic,metamorphic,metamorphic
194041,VMS,Unknown,58.363056,52.362778,,carbonate,carbonate,other,other
194178,VMS,Paleozoic,49.811686111111,-55.805925,488.0,mafic,mafic,volcanic,volcanic
194183,Porphyry,Cenozoic,46.15,22.8,12.8,carbonate,carbonate,siliciclastic,siliciclastic
194599,VMS,Precambrian,49.0008333333,-79.3663888889,3250.0,volcanic,volcanic,volcanic,volcanic
194690,Porphyry,Cenozoic,34.55,49.2666666667,15.9,other,other,carbonate,carbonate
194773,Porphyry,Mesozoic,1.24166666667,-76.6666666667,166.0,felsic,felsic,volcanic,volcanic
195124,VMS,Paleozoic,31.868106326343,-8.1770946993493,350.0,other,other,carbonate,carbonate
195133,Porphyry,Cenozoic,54.9463888889,-126.156666667,51.0,volcanic,volcanic,felsic,felsic
195134,Porphyry,Cenozoic,55.1944444444,-126.315277778,50.0,volcanic,volcanic,siliciclastic,siliciclastic
195346,VMS,Precambrian,54.702085362391,-101.71880722046,1800.0,mafic,mafic,mafic,mafic
195350,VMS,Mesozoic,40.75,40.25,80.0,volcanic,volcanic,metamorphic,metamorphic
195374,VMS,Precambrian,51.1111111111,-92.6722222222,2740.0,volcanic,volcanic,volcanic,volcanic
195392,Porphyry,Unknown,-13.766666,-75.716666,,other,other,mafic,mafic
195437,VMS,Precambrian,54.854261111111,-100.493675,1800.0,mafic,mafic,mafic,mafic
195439,VMS,Precambrian,54.8594181364,-99.9136161804,1520.5,mafic,mafic,volcanic,volcanic
195445,VMS,Precambrian,54.7775,-101.8825,1800.0,volcanic,volcanic,metamorphic,metamorphic
195447,VMS,Precambrian,54.702555555556,-101.67497222222,1800.0,volcanic,volcanic,volcanic,volcanic
195451,VMS,Precambrian,54.726944444444,-101.83222222222,1800.0,volcanic,volcanic,volcanic,volcanic
195453,VMS,Precambrian,54.676944444444,-102.02861111111,1800.0,volcanic,volcanic,volcanic,volcanic
195460,VMS,Mesozoic,41.1269,41.126,80.0,volcanic,volcanic,volcanic,volcanic
195554,VMS,Paleozoic,37.709724,-6.8515252527005,340.0,volcanic,volcanic,volcanic,volcanic
195671,Porphyry,Mesozoic,57.125,-131.45,207.5,volcanic,volcanic,other,other
195712,VMS,Mesozoic,60.121,-152.954,190.0,felsic,felsic,other,other
195768,IOCG,Unknown,-29.7194444444,135.583333333,,siliciclastic,siliciclastic,siliciclastic,siliciclastic
195846,Porphyry,Cenozoic,-20.175,-69.0833333333,31.0,felsic,felsic,felsic,felsic
196016,Porphyry,Cenozoic,-19.8097222222,-69.2805555556,58.0,other,other,felsic,felsic
196312,VMS,Paleozoic,67.1738888889,-156.386944444,360.0,metamorphic,metamorphic,other,other
196390,Porphyry,Mesozoic,62.1052777778,-141.215833333,111.0,felsic,felsic,volcanic,volcanic
196445,Porphyry,Cenozoic,56.5116666667,-158.384722222,3.6,volcanic,volcanic,siliciclastic,siliciclastic
196547,Sediment-Hosted,Unknown,63.2127777778,-149.650833333,,siliciclastic,siliciclastic,siliciclastic,siliciclastic
196592,Sediment-Hosted,Unknown,61.515,-142.836944444,,mafic,mafic,volcanic,volcanic
196596,Porphyry,Unknown,62.1977777778,-142.702777778,,felsic,felsic,other,other
196701,Sediment-Hosted,Unknown,63.2227777778,-149.638888889,,siliciclastic,siliciclastic,siliciclastic,siliciclastic
197027,VMS,Cenozoic,60.3522222222,-147.65,60.0,mafic,mafic,volcanic,volcanic
197159,VMS,Paleozoic,63.2683333333,-144.265,390.0,metamorphic,metamorphic,other,other
198217,VMS,Paleozoic,67.1247222222,-155.956944444,371.0,metamorphic,metamorphic,other,other
198360,Porphyry,Cenozoic,60.36,-154.32,59.5,felsic,felsic,siliciclastic,siliciclastic
198517,Sediment-Hosted,Unknown,63.2077777778,-149.652777778,,siliciclastic,siliciclastic,siliciclastic,siliciclastic
198681,Sediment-Hosted,Unknown,63.2258333333,-149.623888889,,mafic,mafic,siliciclastic,siliciclastic
198741,Porphyry,Cenozoic,59.0194444444,-137.083333333,34.05,metamorphic,metamorphic,unknown,unknown
199212,Porphyry,Unknown,58.99,-136.102777778,,metamorphic,metamorphic,metamorphic,metamorphic
199265,Porphyry,Mesozoic,62.2038888889,-142.844722222,105.0,felsic,felsic,volcanic,volcanic
199343,Porphyry,Mesozoic,59.8969444444,-155.294722222,88.0,mafic,mafic,volcanic,volcanic
199407,Sediment-Hosted,Unknown,65.1769444444,-141.052777778,,carbonate,carbonate,other,other
199526,Porphyry,Cenozoic,55.6297222222,-160.67,6.4,felsic,felsic,siliciclastic,siliciclastic
199695,Sediment-Hosted,Unknown,63.2397222222,-149.61,,volcanic,volcanic,siliciclastic,siliciclastic
199759,Porphyry,Cenozoic,64.1333333333,-157.05,40.0,mafic,mafic,volcanic,volcanic
199951,Sediment-Hosted,Unknown,63.1638888889,-149.785833333,,volcanic,volcanic,other,other
200220,VMS,Paleozoic,67.0702777778,-155.042777778,371.0,metamorphic,metamorphic,other,other
200298,Porphyry,Mesozoic,63.5208333333,-141.323611111,68.5,felsic,felsic,metamorphic,metamorphic
203361,VMS,Unknown,35.041434061824,33.107964992523,,mafic,mafic,felsic,felsic
203368,VMS,Mesozoic,34.976388888889,33.346388888889,100.0,mafic,mafic,felsic,felsic
203397,Porphyry,Paleozoic,-33.4666666667,149.0,440.0,mafic,mafic,other,other
203668,VMS,Precambrian,48.5341666667,-81.5608333333,2707.0,felsic,felsic,volcanic,volcanic
203671,VMS,Unknown,48.5911111111,-81.605,,mafic,mafic,volcanic,volcanic
203679,Porphyry,Mesozoic,56.4675,-130.268888889,193.5,volcanic,volcanic,other,other
203680,Porphyry,Mesozoic,56.5,-130.266666667,193.5,volcanic,volcanic,other,other
203681,Porphyry,Mesozoic,56.6666666667,-131.1,195.0,volcanic,volcanic,other,other
203737,Porphyry,Cenozoic,-5.9666666,150.38333,24.0,other,other,carbonate,carbonate
203740,Porphyry,Cenozoic,-5.1666666,151.71666,25.0,other,other,carbonate,carbonate
203795,Sediment-Hosted,Precambrian,-32.5255555556,138.485833333,630.0,carbonate,carbonate,other,other
204066,VMS,Paleozoic,38.234867,-8.4652,356.35,other,other,other,other
204443,VMS,Paleozoic,37.775328150648,-6.8592882195662,329.0,volcanic,volcanic,volcanic,volcanic
204650,Porphyry,Paleozoic,54.936212607143,61.234102249146,342.0,mafic,mafic,carbonate,carbonate
204651,Porphyry,Paleozoic,54.9963888889,61.0880555556,347.0,mafic,mafic,volcanic,volcanic
204930,VMS,Paleozoic,37.799351372967,-6.966848151502,320.0,volcanic,volcanic,volcanic,volcanic
204949,VMS,Paleozoic,37.77543,-8.649542,340.0,carbonate,carbonate,volcanic,volcanic
205026,Porphyry,Cenozoic,38.701,46.705,14.15,volcanic,volcanic,volcanic,volcanic
205327,IOCG,Unknown,67.4957308,23.9213719,,felsic,felsic,felsic,felsic
205328,IOCG,Unknown,67.556883240796,23.979828357697,,mafic,mafic,other,other
205423,VMS,Unknown,45.7666666667,135.966666667,,other,other,other,other
205449,Porphyry,Precambrian,-14.229609307099,-49.372732004979,726.0,metamorphic,metamorphic,other,other
205483,VMS,Precambrian,48.3552777778,-79.1175,2698.0,volcanic,volcanic,volcanic,volcanic
205615,VMS,Cenozoic,37.3880555556,139.441666667,14.15,volcanic,volcanic,other,other
205740,Porphyry,Cenozoic,53.9166666667,157.383333333,14.15,metamorphic,metamorphic,metamorphic,metamorphic
205742,Porphyry,Paleozoic,67.8666666667,66.3333333333,315.0,siliciclastic,siliciclastic,other,other
205743,Porphyry,Paleozoic,54.9611111111,61.1255555556,342.0,mafic,mafic,carbonate,carbonate
205745,Porphyry,Unknown,52.9333333333,96.7833333333,,other,other,felsic,felsic
205747,Porphyry,Unknown,29.88,55.8994444444,,volcanic,volcanic,volcanic,volcanic
205749,Porphyry,Cenozoic,30.4205555556,55.1672222222,11.0,mafic,mafic,volcanic,volcanic
205750,Porphyry,Cenozoic,28.9,57.2333333333,12.0,carbonate,carbonate,other,other
205756,Porphyry,Paleozoic,48.7083333333,98.3416666667,252.5,other,other,mafic,mafic
205760,Porphyry,Mesozoic,46.6833333333,104.883333333,222.0,felsic,felsic,siliciclastic,siliciclastic
205761,Porphyry,Paleozoic,44.0,106.166666667,330.0,other,other,felsic,felsic
205763,Porphyry,Paleozoic,48.7166666667,98.3416666667,275.0,other,other,other,other
205764,Porphyry,Precambrian,-12.6072222222,27.8819444444,1964.0,metamorphic,metamorphic,metamorphic,metamorphic
205766,Porphyry,Cenozoic,-3.15833333333,119.483333333,10.6,mafic,mafic,felsic,felsic
205767,Porphyry,Cenozoic,0.951944444444,121.770555556,8.75,mafic,mafic,volcanic,volcanic
205768,Porphyry,Cenozoic,0.345277777778,123.402222222,3.0,mafic,mafic,volcanic,volcanic
205769,Porphyry,Cenozoic,0.516666666667,123.216666667,3.75,mafic,mafic,volcanic,volcanic
205772,Porphyry,Cenozoic,-0.611666666667,128.091666667,3.95,other,other,siliciclastic,siliciclastic
205773,Porphyry,Unknown,-0.516666666667,127.583333333,,mafic,mafic,volcanic,volcanic
205784,Porphyry,Cenozoic,-7.22,106.56,3.1,other,other,other,other
205785,Porphyry,Unknown,-1.7,101.25,,mafic,mafic,volcanic,volcanic
205792,Porphyry,Cenozoic,5.03333333333,95.95,11.0,metamorphic,metamorphic,volcanic,volcanic
205795,Porphyry,Mesozoic,42.3422222222,26.2958333333,81.0,felsic,felsic,other,other
205796,Porphyry,Mesozoic,42.35097,24.213907,128.135,felsic,felsic,felsic,felsic
205797,Porphyry,Mesozoic,42.3552777778,24.3391666667,90.0,siliciclastic,siliciclastic,felsic,felsic
205798,Porphyry,Mesozoic,41.9741666667,27.5344444444,80.5,metamorphic,metamorphic,other,other
205799,Porphyry,Mesozoic,42.4833333333,23.4166666667,76.0,felsic,felsic,felsic,felsic
205844,Porphyry,Precambrian,-17.5333333333,-51.6,771.0,other,other,other,other
205845,Porphyry,Paleozoic,-37.5736111111,148.008611111,407.0,siliciclastic,siliciclastic,other,other
205846,Porphyry,Paleozoic,-37.6113888889,142.6075,515.0,volcanic,volcanic,siliciclastic,siliciclastic
205847,Porphyry,Paleozoic,-32.7183333333,140.208888889,440.0,felsic,felsic,felsic,felsic
205849,Porphyry,Precambrian,-20.890332290252,120.10404179858,3234.0,mafic,mafic,siliciclastic,siliciclastic
205854,Porphyry,Cenozoic,45.9833333333,23.0333333333,10.0,carbonate,carbonate,siliciclastic,siliciclastic
205857,Porphyry,Cenozoic,-28.6333333333,-69.8833333333,33.5,other,other,other,other
205858,Porphyry,Cenozoic,-22.9666666667,-69.0583333333,41.55,other,other,other,other
205859,Porphyry,Cenozoic,-27.7833333333,-69.2333333333,13.89,other,other,siliciclastic,siliciclastic
205860,Porphyry,Cenozoic,-22.975463130546,-69.061440941728,44.3,other,other,other,other
205861,Porphyry,Cenozoic,-21.9538888889,-68.7355555556,33.2,other,other,volcanic,volcanic
205862,Porphyry,Cenozoic,-20.9016666667,-68.8852777778,35.0,other,other,siliciclastic,siliciclastic
205864,Porphyry,Cenozoic,-22.9877777778,-69.0763888889,36.69,other,other,felsic,felsic
205923,Porphyry,Cenozoic,-27.2666666667,-66.65,8.5,other,other,volcanic,volcanic
205926,Porphyry,Cenozoic,-27.4,-66.55,7.1,other,other,metamorphic,metamorphic
205927,Porphyry,Cenozoic,-27.2833333333,-66.5666666667,7.9,other,other,other,other
205928,Porphyry,Cenozoic,-26.3,-67.9,14.15,other,other,other,other
205929,Porphyry,Unknown,-27.3833333333,-66.2166666667,,other,other,felsic,felsic
205930,Porphyry,Paleozoic,-30.0,-69.1666666667,261.0,other,other,other,other
205932,Porphyry,Unknown,-30.9333333333,-69.6333333333,,volcanic,volcanic,volcanic,volcanic
205933,Porphyry,Cenozoic,-31.2416666667,-70.1766666667,65.0,volcanic,volcanic,volcanic,volcanic
205935,Porphyry,Cenozoic,-18.1066666667,178.178333333,6.0,mafic,mafic,volcanic,volcanic
205936,Porphyry,Cenozoic,39.8116666667,25.1922222222,52.5,volcanic,volcanic,volcanic,volcanic
205938,Porphyry,Unknown,41.089063397424,23.130098848306,,carbonate,carbonate,metamorphic,metamorphic
205939,Porphyry,Unknown,18.5166666667,-70.25,,volcanic,volcanic,siliciclastic,siliciclastic
205942,Porphyry,Cenozoic,-22.4666666667,-68.9666666667,35.5,other,other,other,other
205943,Porphyry,Cenozoic,-23.3,-69.2333333333,63.5,other,other,siliciclastic,siliciclastic
205944,Porphyry,Cenozoic,-22.37964284915,-68.914602851868,33.5,other,other,other,other
205945,Porphyry,Cenozoic,-21.9166666667,-69.8333333333,15.99,other,other,siliciclastic,siliciclastic
205947,Porphyry,Cenozoic,-22.4166666667,-68.95,37.900000000000006,other,other,other,other
205949,Porphyry,Cenozoic,-32.4075,-70.425,11.35,other,other,volcanic,volcanic
205950,Porphyry,Mesozoic,-46.0333333333,-72.15,85.0,volcanic,volcanic,volcanic,volcanic
205951,Porphyry,Unknown,-18.5933333333,-69.45,,felsic,felsic,volcanic,volcanic
205952,Porphyry,Cenozoic,-28.5,-70.3,64.0,other,other,felsic,felsic
205978,Porphyry,Mesozoic,31.6591666667,53.8497222222,112.0,felsic,felsic,other,other
205979,Porphyry,Cenozoic,31.5763888889,53.8233333333,29.0,carbonate,carbonate,other,other
205981,Porphyry,Paleozoic,46.9897222222,74.9872222222,329.5,other,other,felsic,felsic
205982,Porphyry,Paleozoic,49.1591666667,75.6008333333,308.5,felsic,felsic,other,other
205983,Porphyry,Unknown,52.3333333333,62.1833333333,,other,other,other,other
205984,Porphyry,Paleozoic,50.152366,73.004547,410.0,felsic,felsic,other,other
205985,Porphyry,Precambrian,51.846900508083,74.291111826897,552.5,other,other,other,other
205986,Porphyry,Mesozoic,19.3833333333,-100.683333333,136.0,volcanic,volcanic,volcanic,volcanic
205987,Porphyry,Precambrian,19.1166666667,-102.916666667,1012.45,volcanic,volcanic,carbonate,carbonate
205988,Porphyry,Cenozoic,19.0013888889,-101.955555556,32.5,volcanic,volcanic,felsic,felsic
205989,Porphyry,Cenozoic,15.3188888889,-92.3305555556,5.8,metamorphic,metamorphic,volcanic,volcanic
205991,Porphyry,Mesozoic,27.0516666667,-108.341111111,200.0,felsic,felsic,volcanic,volcanic
205992,Porphyry,Cenozoic,26.2522222222,-107.329444444,46.3,felsic,felsic,other,other
205993,Porphyry,Cenozoic,19.45,-96.85,3.95,mafic,mafic,volcanic,volcanic
205994,Porphyry,Cenozoic,31.0555555556,-110.420833333,63.0,felsic,felsic,felsic,felsic
205996,Porphyry,Cenozoic,25.6680555556,-107.351111111,53.7,felsic,felsic,volcanic,volcanic
205998,Porphyry,Cenozoic,26.7236111111,-108.233333333,57.2,volcanic,volcanic,volcanic,volcanic
206003,Porphyry,Unknown,-5.715,-79.2069444444,,other,other,felsic,felsic
206004,Porphyry,Unknown,-13.9291666667,-75.35,,other,other,volcanic,volcanic
206005,Porphyry,Cenozoic,-17.097725754867,-70.627246168525,54.0,other,other,volcanic,volcanic
206008,Porphyry,Cenozoic,-14.9083333333,-71.3133333333,33.0,volcanic,volcanic,volcanic,volcanic
206009,Porphyry,Cenozoic,-6.08333333333,-79.2833333333,15.0,other,other,volcanic,volcanic
206012,Porphyry,Mesozoic,44.095,22.0941666667,85.07,felsic,felsic,volcanic,volcanic
206013,Porphyry,Cenozoic,43.2333333333,20.7166666667,28.45,volcanic,volcanic,volcanic,volcanic
206050,VMS,Precambrian,-21.304821351187,119.27789306641,3250.0,mafic,mafic,other,other
206052,VMS,Precambrian,-21.122252058441,119.25905055786,3250.0,metamorphic,metamorphic,siliciclastic,siliciclastic
206070,IOCG,Precambrian,-21.8,140.716666667,1532.5,felsic,felsic,other,other
206132,Porphyry,Cenozoic,45.869722222222,22.870833333333,12.8,carbonate,carbonate,carbonate,carbonate
206134,Porphyry,Unknown,44.75,21.95,,carbonate,carbonate,metamorphic,metamorphic
206135,Porphyry,Mesozoic,45.5666666667,22.2333333333,76.555,other,other,carbonate,carbonate
206136,Porphyry,Cenozoic,46.2666666667,22.15,8.45,volcanic,volcanic,metamorphic,metamorphic
206137,Porphyry,Unknown,44.75,22.0,,metamorphic,metamorphic,metamorphic,metamorphic
206138,Porphyry,Unknown,45.55,22.35,,other,other,carbonate,carbonate
206139,Porphyry,Cenozoic,46.15,22.85,11.355,carbonate,carbonate,volcanic,volcanic
206140,Porphyry,Cenozoic,46.0611111111,22.9666666667,11.335,carbonate,carbonate,siliciclastic,siliciclastic
206141,Porphyry,Cenozoic,46.1666666667,22.9,14.15,carbonate,carbonate,carbonate,carbonate
206142,Porphyry,Unknown,50.4666666667,19.6166666667,,other,other,carbonate,carbonate
206143,Porphyry,Unknown,50.1166666667,19.95,,carbonate,carbonate,other,other
206145,Porphyry,Mesozoic,58.9666666667,152.683333333,115.475,other,other,unknown,unknown
206152,Porphyry,Cenozoic,54.2833333333,157.666666667,14.15,other,other,felsic,felsic
206153,Porphyry,Mesozoic,59.7166666667,150.316666667,94.5,other,other,unknown,unknown
206154,Porphyry,Mesozoic,59.25,153.766666667,122.55,other,other,unknown,unknown
206156,Porphyry,Cenozoic,53.75,126.616666667,10.5,other,other,volcanic,volcanic
206157,Porphyry,Paleozoic,54.05,89.5666666667,355.5,other,other,siliciclastic,siliciclastic
206158,Porphyry,Paleozoic,53.2333333333,60.5666666667,340.0,felsic,felsic,felsic,felsic
206159,Porphyry,Paleozoic,53.0875,57.4683333333,351.5,felsic,felsic,other,other
206160,Porphyry,Paleozoic,54.7166666667,61.0666666667,338.5,carbonate,carbonate,carbonate,carbonate
206163,Porphyry,Unknown,41.0977777778,70.1258333333,,other,other,volcanic,volcanic
206167,Porphyry,Paleozoic,40.7986111111,69.7061111111,347.5,volcanic,volcanic,carbonate,carbonate
206169,Porphyry,Paleozoic,40.7769444444,69.7791666667,289.5,other,other,felsic,felsic
206170,Porphyry,Cenozoic,-9.61194,160.16424,28.45,mafic,mafic,other,other
206171,Porphyry,Cenozoic,-9.36666666667,159.733333333,2.655,mafic,mafic,volcanic,volcanic
206172,Porphyry,Cenozoic,-9.43333333333,159.833333333,24.4,mafic,mafic,other,other
206173,Porphyry,Cenozoic,-8.08333333333,157.516666667,3.95,mafic,mafic,volcanic,volcanic
206176,Porphyry,Mesozoic,66.525,19.8136111111,94.5,siliciclastic,siliciclastic,metamorphic,metamorphic
206180,Porphyry,Unknown,10.1333333333,124.25,,mafic,mafic,siliciclastic,siliciclastic
206190,Porphyry,Cenozoic,11.8166666667,125.25,10.65,other,other,other,other
206191,Porphyry,Cenozoic,9.43333333333,122.7,19.5,other,other,other,other
206195,Porphyry,Cenozoic,9.58333333333,122.566666667,17.5,other,other,felsic,felsic
206196,Porphyry,Unknown,9.56666666667,122.633333333,,other,other,felsic,felsic
206199,Porphyry,Unknown,13.5,121.883333333,,other,other,other,other
206202,Porphyry,Cenozoic,13.424352095715,121.98377421588,20.5,other,other,other,other
206205,Porphyry,Cenozoic,9.6002021352618,125.55099008653,3.95,other,other,other,other
206207,Porphyry,Unknown,7.55,126.166666667,,other,other,other,other
206208,Porphyry,Unknown,7.59166666667,126.066666667,,other,other,other,other
206210,Porphyry,Cenozoic,7.35,126.016666667,10.65,other,other,other,other
206211,Porphyry,Unknown,6.56666666667,124.4,,other,other,other,other
206212,Porphyry,Cenozoic,40.8566666667,39.6530555556,60.65,volcanic,volcanic,volcanic,volcanic
206213,Porphyry,Mesozoic,41.8333333333,27.6783333333,75.0,metamorphic,metamorphic,metamorphic,metamorphic
206214,Porphyry,Mesozoic,41.9333333333,27.45,81.69999999999999,metamorphic,metamorphic,carbonate,carbonate
206217,Porphyry,Mesozoic,41.9113888889,27.3166666667,73.95,metamorphic,metamorphic,carbonate,carbonate
206218,Porphyry,Mesozoic,41.2229,41.9574,123.565,volcanic,volcanic,metamorphic,metamorphic
206219,Porphyry,Cenozoic,39.2666666667,39.6,36.0,metamorphic,metamorphic,other,other
206220,Porphyry,Cenozoic,40.9261111111,35.44,37.9,volcanic,volcanic,volcanic,volcanic
206223,Porphyry,Cenozoic,40.5775,40.9045,60.65,other,other,felsic,felsic
206293,Porphyry,Cenozoic,38.9219444444,46.1883333333,39.5,felsic,felsic,felsic,felsic
206294,Porphyry,Mesozoic,41.1047222222,44.8566666667,145.5,felsic,felsic,volcanic,volcanic
206295,Porphyry,Mesozoic,39.1,46.4666666667,143.5,felsic,felsic,volcanic,volcanic
206296,Porphyry,Cenozoic,39.375,46.0227777778,22.0,other,other,volcanic,volcanic
206299,Porphyry,Paleozoic,41.8,22.8666666667,315.0,metamorphic,metamorphic,siliciclastic,siliciclastic
206300,Porphyry,Cenozoic,41.3666666667,22.8166666667,35.599999999999994,metamorphic,metamorphic,metamorphic,metamorphic
206303,Porphyry,Cenozoic,-2.01666666667,146.883333333,15.0,felsic,felsic,volcanic,volcanic
206304,Porphyry,Cenozoic,-2.11666666667,146.95,13.5,felsic,felsic,carbonate,carbonate
206306,Porphyry,Cenozoic,-5.01666666667,141.216666667,3.95,other,other,carbonate,carbonate
206307,Porphyry,Cenozoic,-5.06666666667,141.333333333,3.65,other,other,other,other
206308,Porphyry,Unknown,-6.75,146.283333333,,volcanic,volcanic,carbonate,carbonate
206309,Porphyry,Cenozoic,-9.3,147.583333333,4.42,volcanic,volcanic,metamorphic,metamorphic
206311,Porphyry,Unknown,-24.1333333333,-66.6,,felsic,felsic,other,other
206312,Porphyry,Cenozoic,-25.1444444444,-66.7625,15.0,felsic,felsic,other,other
206314,Porphyry,Cenozoic,-24.5666666667,-67.7833333333,29.0,felsic,felsic,felsic,felsic
206315,Porphyry,Cenozoic,-24.5833333333,-67.7333333333,31.3,felsic,felsic,felsic,felsic
206317,Porphyry,Paleozoic,-32.1377777778,-69.4391666667,263.5,other,other,siliciclastic,siliciclastic
206318,Porphyry,Mesozoic,-32.25,-69.4333333333,144.0,other,other,siliciclastic,siliciclastic
206319,Porphyry,Cenozoic,-37.4325,-70.4666666667,45.0,volcanic,volcanic,other,other
206321,Porphyry,Cenozoic,-32.4166666667,-69.0833333333,13.75,other,other,siliciclastic,siliciclastic
206322,Porphyry,Cenozoic,-32.4833333333,-69.1,13.75,other,other,siliciclastic,siliciclastic
206323,Porphyry,Mesozoic,40.0166666667,46.75,135.0,volcanic,volcanic,other,other
206324,Porphyry,Mesozoic,40.6333333333,45.85,135.0,volcanic,volcanic,volcanic,volcanic
206325,Porphyry,Cenozoic,40.575991933259,45.803415911642,44.85,volcanic,volcanic,volcanic,volcanic
206326,Porphyry,Mesozoic,40.5134,46.0806,135.0,volcanic,volcanic,volcanic,volcanic
206328,Porphyry,Unknown,22.1166666667,-80.0333333333,,mafic,mafic,carbonate,carbonate
206330,Porphyry,Unknown,9.69722222222,-83.3583333333,,other,other,volcanic,volcanic
206331,Porphyry,Unknown,9.36944444444,-82.9763888889,,felsic,felsic,volcanic,volcanic
206332,Porphyry,Precambrian,-28.053341290713,16.895548619208,1930.0,metamorphic,metamorphic,volcanic,volcanic
206333,Porphyry,Precambrian,-28.697125,17.887326,1800.0,metamorphic,metamorphic,felsic,felsic
206334,Porphyry,Unknown,23.7083333333,95.5166666667,,other,other,mafic,mafic
206377,Porphyry,Precambrian,49.845,-91.085,2500.0,felsic,felsic,volcanic,volcanic
206378,Porphyry,Precambrian,47.0430555556,-84.6152777778,1070.0,mafic,mafic,volcanic,volcanic
206380,Porphyry,Precambrian,48.2527777778,-79.0686111111,2700.0,volcanic,volcanic,volcanic,volcanic
206381,Porphyry,Precambrian,46.085,-60.3541666667,621.0,volcanic,volcanic,volcanic,volcanic
206382,Porphyry,Unknown,62.3416666667,-136.691666667,,felsic,felsic,felsic,felsic
206383,Porphyry,Mesozoic,62.7361111111,-138.829166667,73.66499999999999,felsic,felsic,felsic,felsic
206384,Porphyry,Mesozoic,62.4166666667,-137.616666667,76.43,felsic,felsic,other,other
206394,Porphyry,Cenozoic,49.2555555556,-125.983333333,44.85,felsic,felsic,other,other
206395,Porphyry,Unknown,49.5125,-123.36777777778,,volcanic,volcanic,other,other
206396,Porphyry,Mesozoic,53.6811111111,-127.178055556,82.0,volcanic,volcanic,volcanic,volcanic
206397,Porphyry,Mesozoic,57.06,-126.759444444,202.7,volcanic,volcanic,other,other
206398,Porphyry,Mesozoic,57.0058333333,-126.750833333,199.6,volcanic,volcanic,siliciclastic,siliciclastic
206399,Porphyry,Unknown,51.313333333333,-121.08888888889,,mafic,mafic,other,other
206400,Porphyry,Mesozoic,50.450727661956,-121.03843802177,197.0,felsic,felsic,felsic,felsic
206402,Porphyry,Mesozoic,51.1044444444,-123.4,85.0,volcanic,volcanic,volcanic,volcanic
206403,Porphyry,Mesozoic,57.3641666667,-130.990277778,220.0,volcanic,volcanic,volcanic,volcanic
206419,Porphyry,Unknown,50.643333333333,-120.42444444444,,felsic,felsic,other,other
206420,Porphyry,Mesozoic,50.6141666667,-120.530833333,205.5,mafic,mafic,volcanic,volcanic
206423,Porphyry,Mesozoic,49.6483333333,-120.526111111,173.55,volcanic,volcanic,other,other
206425,Porphyry,Mesozoic,50.4941666667,-120.996666667,200.0,felsic,felsic,felsic,felsic
206428,Porphyry,Unknown,49.2933333333,-120.759444444,,volcanic,volcanic,metamorphic,metamorphic
206429,Porphyry,Mesozoic,53.7583333333,-127.215,82.5,volcanic,volcanic,volcanic,volcanic
206430,Porphyry,Mesozoic,49.8833333333,-117.366666667,183.0,felsic,felsic,other,other
206434,Porphyry,Mesozoic,58.4838888889,-129.107222222,186.0,volcanic,volcanic,volcanic,volcanic
206435,Porphyry,Mesozoic,52.5180555556,-122.2875,210.0,felsic,felsic,felsic,felsic
206436,Porphyry,Unknown,50.430071782043,-120.99992603737,,felsic,felsic,felsic,felsic
206437,Porphyry,Unknown,54.852222222222,-127.68972222222,,felsic,felsic,other,other
206438,Porphyry,Mesozoic,52.5544444444,-121.641666667,202.0,felsic,felsic,other,other
206439,Porphyry,Mesozoic,53.6736111111,-127.056944444,84.0,volcanic,volcanic,volcanic,volcanic
206448,Porphyry,Mesozoic,56.6666666667,-131.0925,195.0,volcanic,volcanic,other,other
206449,Porphyry,Mesozoic,53.535,-127.2375,86.0,other,other,other,other
206451,Porphyry,Unknown,58.253611111111,-129.82666666667,,volcanic,volcanic,volcanic,volcanic
206452,Porphyry,Mesozoic,55.126128299635,-124.02642917616,185.5,volcanic,volcanic,other,other
206453,Porphyry,Cenozoic,54.809722222222,-126.89611111111,52.5,volcanic,volcanic,other,other
206454,Porphyry,Mesozoic,54.0166666667,-126.99,73.5,volcanic,volcanic,volcanic,volcanic
206455,Porphyry,Mesozoic,55.915833333333,-125.51361111111,172.0,felsic,felsic,other,other
206456,Porphyry,Cenozoic,53.8036111111,-127.435,49.5,felsic,felsic,felsic,felsic
206458,Porphyry,Cenozoic,51.1333333333,-122.614166667,56.5,siliciclastic,siliciclastic,other,other
206459,Porphyry,Unknown,50.710555555556,-127.97222222222,,felsic,felsic,felsic,felsic
206460,Porphyry,Mesozoic,57.736346377519,-129.75351309812,202.5,volcanic,volcanic,other,other
206462,Porphyry,Mesozoic,55.9269444444,-125.431111111,184.0,felsic,felsic,other,other
206464,Porphyry,Cenozoic,55.2477777778,-126.166388889,50.0,carbonate,carbonate,felsic,felsic
206465,Porphyry,Unknown,50.5833333333,-120.966666667,,felsic,felsic,felsic,felsic
206466,Porphyry,Unknown,49.148055555556,-117.33694444444,,mafic,mafic,volcanic,volcanic
206467,Porphyry,Mesozoic,57.2166666667,-126.716666667,250.0,volcanic,volcanic,other,other
206690,VMS,Paleozoic,49.198825,-56.157344444444,445.0,mafic,mafic,volcanic,volcanic
206850,Porphyry,Cenozoic,0.333055555556,-78.5830555556,6.5,other,other,felsic,felsic
206851,Porphyry,Mesozoic,-3.6,-78.5,173.55,other,other,carbonate,carbonate
206852,Porphyry,Cenozoic,-1.56638888889,-79.1330555556,15.0,other,other,felsic,felsic
206853,Porphyry,Mesozoic,-3.78305555556,-78.6,173.55,other,other,siliciclastic,siliciclastic
206854,Porphyry,Cenozoic,-4.33305555556,-80.0,14.15,other,other,felsic,felsic
206855,Porphyry,Cenozoic,-4.2,-79.5830555556,14.15,other,other,volcanic,volcanic
206856,Porphyry,Cenozoic,-2.93305555556,-79.4163888889,10.74,other,other,felsic,felsic
206858,Porphyry,Cenozoic,-3.58305555556,-79.3330555556,9.6,other,other,volcanic,volcanic
206859,Porphyry,Cenozoic,-3.05,-79.683333,19.3,other,other,volcanic,volcanic
206860,Porphyry,Cenozoic,-1.38305555556,-79.1163888889,20.0,other,other,volcanic,volcanic
206889,Porphyry,Mesozoic,-23.6897222222,150.629722222,246.0,carbonate,carbonate,other,other
206890,Porphyry,Mesozoic,-23.6,150.4,245.0,felsic,felsic,other,other
206892,Porphyry,Paleozoic,-20.5697222222,148.26,265.0,felsic,felsic,felsic,felsic
206893,Porphyry,Mesozoic,-25.242444561942,151.6252116256,250.0,felsic,felsic,felsic,felsic
206895,Porphyry,Mesozoic,-24.8072222222,150.872777778,235.0,felsic,felsic,felsic,felsic
206896,Porphyry,Paleozoic,-20.4244444444,146.778333333,285.0,felsic,felsic,felsic,felsic
206897,Porphyry,Mesozoic,-23.6108333333,150.4575,250.0,felsic,felsic,other,other
206898,Porphyry,Mesozoic,-24.8163888889,151.366388889,235.0,felsic,felsic,other,other
206900,Porphyry,Mesozoic,-25.6434,151.8514,235.0,mafic,mafic,metamorphic,metamorphic
206901,Porphyry,Mesozoic,-24.6680555556,150.876111111,235.0,mafic,mafic,felsic,felsic
206902,Porphyry,Paleozoic,-18.2533333333,143.423333333,310.0,felsic,felsic,other,other
206903,Porphyry,Paleozoic,-20.5783333333,146.9775,285.0,carbonate,carbonate,volcanic,volcanic
206905,Porphyry,Unknown,-20.2,147.95,,felsic,felsic,felsic,felsic
206906,Porphyry,Unknown,-20.9166666667,148.0,,siliciclastic,siliciclastic,siliciclastic,siliciclastic
206910,Porphyry,Cenozoic,29.554444,64.504166,21.0,other,other,volcanic,volcanic
206911,Porphyry,Cenozoic,29.1225,62.194166,14.9,other,other,other,other
206942,Porphyry,Cenozoic,-11.6,-76.133333,7.5,other,other,other,other
206943,Porphyry,Cenozoic,-6.76138888889,-78.6055555556,10.5,other,other,carbonate,carbonate
206944,Porphyry,Cenozoic,-16.5455555556,-71.5525,57.0,other,other,felsic,felsic
206945,Porphyry,Cenozoic,-17.6813888889,-69.9005555556,60.65,other,other,felsic,felsic
206946,Porphyry,Cenozoic,-14.07164,-72.33606,35.6,volcanic,volcanic,felsic,felsic
206947,Porphyry,Cenozoic,-8.21527777778,-77.7713888889,15.3,other,other,carbonate,carbonate
206948,Porphyry,Cenozoic,-14.9797222222,-71.3063888889,38.0,volcanic,volcanic,other,other
206949,Porphyry,Unknown,-7.11777777778,-78.5752777778,,other,other,carbonate,carbonate
206950,Porphyry,Cenozoic,-14.4613888889,-72.9930555556,35.9,other,other,felsic,felsic
206951,Porphyry,Cenozoic,-14.1577777778,-73.1330555556,32.0,volcanic,volcanic,carbonate,carbonate
206952,Porphyry,Cenozoic,-15.6247222222,-70.9913888889,12.8,volcanic,volcanic,volcanic,volcanic
206953,Porphyry,Cenozoic,-14.9519444444,-71.2625,31.0,volcanic,volcanic,volcanic,volcanic
206956,Porphyry,Cenozoic,-14.181111,-72.348055,14.15,volcanic,volcanic,other,other
206957,Porphyry,Cenozoic,-14.96,-71.3463888889,36.2,volcanic,volcanic,other,other
206958,Porphyry,Mesozoic,-6.725,-78.6691666667,165.2,other,other,volcanic,volcanic
206959,Porphyry,Unknown,-13.6858333333,-75.0927777778,,other,other,volcanic,volcanic
206960,Porphyry,Unknown,-13.2344444444,-75.9163888889,,other,other,felsic,felsic
206962,Porphyry,Cenozoic,-8.775,-77.991666666667,14.7,other,other,other,other
207056,Porphyry,Unknown,-16.7733333333,-71.3575,,other,other,other,other
207057,Porphyry,Cenozoic,-6.35805555556,-79.1191666667,12.0,other,other,other,other
207058,Porphyry,Unknown,-12.9755555556,-76.1391666667,,other,other,felsic,felsic
207059,Porphyry,Cenozoic,-4.94416666667,-79.3080555556,16.0,other,other,siliciclastic,siliciclastic
207060,Porphyry,Unknown,-8.16666666667,-78.1833333333,,volcanic,volcanic,volcanic,volcanic
207061,Porphyry,Cenozoic,-8.55944444444,-77.8963888889,12.8,other,other,other,other
207062,Porphyry,Unknown,-14.2,-74.45,,volcanic,volcanic,volcanic,volcanic
207063,Porphyry,Unknown,-14.1830555556,-75.1480555556,,other,other,other,other
207064,Porphyry,Cenozoic,-11.4794444444,-76.0841666667,7.0,other,other,carbonate,carbonate
207065,Porphyry,Unknown,-5.70444444444,-79.2805555556,,other,other,volcanic,volcanic
207164,Porphyry,Unknown,17.7666666667,121.233333333,,other,other,other,other
207165,Porphyry,Cenozoic,16.75,121.35,25.0,other,other,other,other
207166,Porphyry,Cenozoic,14.2333333333,122.733333333,19.5,mafic,mafic,unknown,unknown
207167,Porphyry,Cenozoic,15.0083333333,120.366666667,2.145,mafic,mafic,volcanic,volcanic
207169,Porphyry,Unknown,16.7333333333,120.766666667,,other,other,felsic,felsic
207170,Porphyry,Unknown,17.3,121.01,,other,other,other,other
207172,Porphyry,Unknown,16.75,120.7,,other,other,other,other
207174,Porphyry,Cenozoic,13.8,121.133333333,7.3,other,other,other,other
207175,Porphyry,Unknown,14.7666666667,121.316666667,,volcanic,volcanic,other,other
207177,Porphyry,Unknown,17.4,120.866666667,,other,other,felsic,felsic
207179,Porphyry,Cenozoic,14.9736111111,120.204166667,2.7,other,other,mafic,mafic
207181,Porphyry,Cenozoic,16.3205555556,121.291388889,23.2,volcanic,volcanic,other,other
207289,Porphyry,Cenozoic,-23.4277777778,-69.5113888889,57.1,other,other,felsic,felsic
207309,Porphyry,Cenozoic,-18.2897222222,-69.7213888889,14.15,felsic,felsic,other,other
207310,Porphyry,Cenozoic,-19.8666666667,-68.9666666667,36.0,felsic,felsic,felsic,felsic
207312,Porphyry,Cenozoic,6.1,116.466666667,8.0,carbonate,carbonate,other,other
207316,Porphyry,Cenozoic,28.4111111111,-109.802777778,56.95,volcanic,volcanic,felsic,felsic
207317,Porphyry,Cenozoic,30.4816666667,-109.7525,56.8,felsic,felsic,felsic,felsic
207355,Porphyry,Unknown,62.051111,-141.21805,,carbonate,carbonate,other,other
207467,IOCG,Unknown,67.516666666667,20.9,,siliciclastic,siliciclastic,felsic,felsic
207910,VMS,Precambrian,49.4530555556,-78.3525,2728.0,volcanic,volcanic,volcanic,volcanic
207911,VMS,Precambrian,49.6833333333,-78.95,3250.0,metamorphic,metamorphic,other,other
208266,Porphyry,Mesozoic,17.3333333333,101.5,230.0,other,other,other,other
208267,Porphyry,Mesozoic,17.5,101.666666667,230.0,other,other,carbonate,carbonate
208268,Porphyry,Mesozoic,18.1166666667,102.083333333,226.3,other,other,volcanic,volcanic
208271,Porphyry,Paleozoic,49.1333333333,103.65,308.5,volcanic,volcanic,felsic,felsic
208273,Porphyry,Paleozoic,45.7833333333,100.6,308.5,other,other,other,other
208275,Porphyry,Paleozoic,48.5833333333,97.7833333333,258.5,other,other,other,other
208276,Porphyry,Paleozoic,44.2333333333,108.033333333,308.5,felsic,felsic,volcanic,volcanic
208277,Porphyry,Unknown,44.5741666667,109.435555556,,felsic,felsic,volcanic,volcanic
208279,Porphyry,Paleozoic,44.1666666667,107.5,294.5,felsic,felsic,other,other
208280,Porphyry,Unknown,48.775,104.21126,,other,other,carbonate,carbonate
208328,Porphyry,Cenozoic,8.4875,-77.3211111111,48.0,other,other,other,other
208330,Porphyry,Cenozoic,7.05,-76.75,55.0,metamorphic,metamorphic,other,other
208331,Porphyry,Cenozoic,2.1,-76.8833333333,17.0,metamorphic,metamorphic,siliciclastic,siliciclastic
208332,Porphyry,Mesozoic,7.31666666667,-72.8666666667,144.0,volcanic,volcanic,metamorphic,metamorphic
208333,Porphyry,Paleozoic,46.95157188965,79.864566853136,333.0,other,other,volcanic,volcanic
208334,Porphyry,Paleozoic,48.6833333333,73.7,308.5,felsic,felsic,other,other
208335,Porphyry,Paleozoic,51.7666666667,61.75,312.0,felsic,felsic,siliciclastic,siliciclastic
208336,Porphyry,Paleozoic,51.95,72.3333333333,445.0,other,other,other,other
208337,Porphyry,Unknown,53.0166666667,62.5666666667,,other,other,other,other
208338,Porphyry,Unknown,48.924797990484,58.673687628615,,mafic,mafic,other,other
208339,Porphyry,Paleozoic,44.45,78.4333333333,422.0,volcanic,volcanic,other,other
208340,Porphyry,Unknown,46.65,73.6333333333,,felsic,felsic,other,other
208341,Porphyry,Paleozoic,43.62,74.2666666667,400.5,volcanic,volcanic,siliciclastic,siliciclastic
208343,Porphyry,Cenozoic,49.368737,75.708303,43.0,felsic,felsic,metamorphic,metamorphic
208346,Porphyry,Paleozoic,50.1619444444,76.1619444444,292.0,other,other,volcanic,volcanic
208348,Porphyry,Paleozoic,47.5333333333,84.4166666667,312.5,other,other,metamorphic,metamorphic
208390,Porphyry,Paleozoic,48.2263888889,76.2719444444,308.5,felsic,felsic,other,other
208391,Porphyry,Paleozoic,47.1844444444,74.7113888889,319.05,volcanic,volcanic,volcanic,volcanic
208392,Porphyry,Paleozoic,52.8833333333,61.4166666667,301.0,metamorphic,metamorphic,metamorphic,metamorphic
208393,Porphyry,Unknown,47.5,75.1,,volcanic,volcanic,metamorphic,metamorphic
208394,Porphyry,Unknown,46.6,74.4166666667,,felsic,felsic,other,other
208396,Porphyry,Unknown,46.2563888889,73.1983333333,,felsic,felsic,carbonate,carbonate
208397,Porphyry,Paleozoic,47.9166666667,79.3333333333,302.0,felsic,felsic,volcanic,volcanic
208398,Porphyry,Paleozoic,47.3833333333,75.2333333333,293.5,other,other,felsic,felsic
208474,Porphyry,Cenozoic,-6.88333320617676,146.449996948242,9.0,volcanic,volcanic,metamorphic,metamorphic
208475,Porphyry,Cenozoic,-5.75,145.166666667,7.0,mafic,mafic,felsic,felsic
208477,Porphyry,Precambrian,-5.71666666667,150.016666667,1886.0,felsic,felsic,felsic,felsic
208478,Porphyry,Mesozoic,-5.98333333333,150.466666667,141.8,other,other,volcanic,volcanic
208484,Porphyry,Cenozoic,16.8583333333,120.783333333,1.35,other,other,felsic,felsic
208930,Porphyry,Cenozoic,16.3833333333,120.983333333,20.6,other,other,other,other
208931,Porphyry,Cenozoic,7.16666666667,125.991666667,10.65,other,other,siliciclastic,siliciclastic
208932,Porphyry,Cenozoic,6.475,125.05,3.95,volcanic,volcanic,other,other
208933,Porphyry,Unknown,7.93333333333,123.3,,other,other,other,other
208934,Porphyry,Mesozoic,8.12222222222,126.381666667,94.5,other,other,siliciclastic,siliciclastic
208935,Porphyry,Cenozoic,16.45,120.866666667,4.55,other,other,other,other
208936,Porphyry,Unknown,17.1666666667,120.733333333,,other,other,other,other
208937,Porphyry,Cenozoic,16.490278,120.65556,9.5,other,other,felsic,felsic
209445,VMS,Precambrian,48.9786111111,-87.375,2723.0,mafic,mafic,mafic,mafic
209628,Porphyry,Mesozoic,-3.65,-78.416667,156.2,other,other,felsic,felsic
209836,Porphyry,Mesozoic,-4.1155371964011,-78.583557670277,173.55,other,other,felsic,felsic
209837,Porphyry,Cenozoic,-1.66666666667,-79.15,27.0,other,other,felsic,felsic
209839,Porphyry,Cenozoic,29.1227777778,62.0788888889,11.55,other,other,other,other
209868,IOCG,Precambrian,-21.5489204585,140.497315894,1532.5,felsic,felsic,metamorphic,metamorphic
209909,VMS,Precambrian,45.8025,-71.2866666667,544.0,volcanic,volcanic,volcanic,volcanic
210060,Porphyry,Paleozoic,29.516666666667,88.566666666667,351.5,felsic,felsic,felsic,felsic
210140,Sediment-Hosted,Unknown,-17.1927777778,-46.8780555556,,metamorphic,metamorphic,metamorphic,metamorphic
210265,VMS,Precambrian,39.3391666667,97.9422222222,750.0,volcanic,volcanic,other,other
210267,VMS,Unknown,66.334072,14.083099,,carbonate,carbonate,metamorphic,metamorphic
210332,Magmatic sulfide,Precambrian,46.4927777778,-81.0688888889,1785.0,felsic,felsic,volcanic,volcanic
210493,IOCG,Precambrian,-20.7752777778,140.043888889,1532.5,felsic,felsic,other,other
211939,Sediment-Hosted,Precambrian,26.257930555556,102.46292222222,1500.0,other,other,carbonate,carbonate
212179,VMS,Cenozoic,41.2644444444,140.994444444,15.0,volcanic,volcanic,volcanic,volcanic
212605,Sediment-Hosted,Paleozoic,52.8838888889,-8.86055555556,340.0,carbonate,carbonate,carbonate,carbonate
212969,Sediment-Hosted,Precambrian,-16.9444444444,30.2958333333,1250.0,metamorphic,metamorphic,metamorphic,metamorphic
212971,Sediment-Hosted,Precambrian,-17.2655555556,30.0444444444,1250.0,volcanic,volcanic,metamorphic,metamorphic
214669,VMS,Paleozoic,67.140521,16.138064,464.5,volcanic,volcanic,metamorphic,metamorphic
214670,VMS,Paleozoic,67.149939,16.004646,464.5,carbonate,carbonate,metamorphic,metamorphic
214671,VMS,Unknown,67.137544,16.114855,,volcanic,volcanic,metamorphic,metamorphic
214679,VMS,Paleozoic,67.119864,16.012537,470.0,carbonate,carbonate,metamorphic,metamorphic
216983,IOCG,Unknown,30.35,117.377222222,,other,other,other,other
217008,VMS,Paleozoic,-20.343977777778,145.76904444444,500.0,siliciclastic,siliciclastic,other,other
217330,VMS,Cenozoic,43.0083333333,140.658333333,14.15,volcanic,volcanic,other,other
217344,VMS,Unknown,41.1933333333,140.894444444,,volcanic,volcanic,volcanic,volcanic
217350,VMS,Cenozoic,37.3416666667,139.333333333,15.0,volcanic,volcanic,other,other
220728,VMS,Paleozoic,49.5080555556,-55.7197222222,464.5,unknown,unknown,volcanic,volcanic
222130,VMS,Mesozoic,18.881666666667,-70.245,122.5,mafic,mafic,metamorphic,metamorphic
222961,Porphyry,Unknown,-29.8394444444,152.371388889,,carbonate,carbonate,other,other
224829,VMS,Paleozoic,33.7963888889,133.252777778,360.0,other,other,metamorphic,metamorphic
226441,Sediment-Hosted,Precambrian,34.2666666667,69.4,570.0,carbonate,carbonate,metamorphic,metamorphic
226455,Sediment-Hosted,Precambrian,34.3980555556,69.3055555556,570.0,carbonate,carbonate,metamorphic,metamorphic
226456,Sediment-Hosted,Precambrian,34.4069444444,69.2597222222,570.0,carbonate,carbonate,other,other
226488,Sediment-Hosted,Precambrian,34.4313888889,69.3786111111,570.0,carbonate,carbonate,other,other
226501,Sediment-Hosted,Precambrian,34.3158333333,69.3027777778,570.0,carbonate,carbonate,other,other
226944,Porphyry,Cenozoic,-4.7,141.783333333,13.0,other,other,other,other
227886,Porphyry,Paleozoic,-33.4292120574,148.800007394,416.0,mafic,mafic,felsic,felsic
227904,Porphyry,Paleozoic,-34.275393028984,148.84150783535,430.0,felsic,felsic,volcanic,volcanic
227973,Porphyry,Mesozoic,38.7816666667,-117.949722222,82.55,felsic,felsic,other,other
227974,Porphyry,Cenozoic,44.0288888889,-109.683055556,40.0,felsic,felsic,other,other
227976,Porphyry,Mesozoic,38.4919444444,-118.075,105.5,volcanic,volcanic,siliciclastic,siliciclastic
227979,Porphyry,Mesozoic,38.3333333333,-117.5,207.0,mafic,mafic,other,other
228007,Porphyry,Mesozoic,40.4166666667,-117.216666667,89.0,felsic,felsic,volcanic,volcanic
228008,Porphyry,Cenozoic,40.2666666667,-117.75,29.0,felsic,felsic,volcanic,volcanic
228015,Porphyry,Unknown,39.8,-115.15,,other,other,other,other
228019,Porphyry,Cenozoic,9.25833333333,125.523333333,3.95,other,other,other,other
228020,Porphyry,Unknown,7.54333333333,126.1,,other,other,other,other
228021,Porphyry,Cenozoic,18.25,-66.8166666667,42.0,volcanic,volcanic,volcanic,volcanic
228022,Porphyry,Cenozoic,18.25,-66.4166666667,41.0,volcanic,volcanic,other,other
228029,Porphyry,Cenozoic,8.63333333333,-77.5666666667,49.0,mafic,mafic,volcanic,volcanic
228031,Porphyry,Cenozoic,8.83333333333,-80.6666666667,32.5,felsic,felsic,felsic,felsic
228045,Porphyry,Mesozoic,57.1166666667,-131.345,212.0,volcanic,volcanic,volcanic,volcanic
228046,Porphyry,Mesozoic,50.675,-127.858333333,170.0,felsic,felsic,volcanic,volcanic
228053,Porphyry,Paleozoic,-33.9666666667,147.416666667,452.5,metamorphic,metamorphic,other,other
228066,Porphyry,Unknown,50.5666666667,-121.0,,felsic,felsic,felsic,felsic
228067,Porphyry,Unknown,49.767777777778,-120.47472222222,,mafic,mafic,volcanic,volcanic
228088,Porphyry,Cenozoic,28.3861111111,-109.656944444,55.7,felsic,felsic,volcanic,volcanic
228106,Porphyry,Paleozoic,-32.7666666667,148.666666667,390.5,mafic,mafic,other,other
228123,Porphyry,Mesozoic,55.260555555556,-124.54305555556,188.5,volcanic,volcanic,other,other
228124,Porphyry,Mesozoic,49.163611111111,-121.02472222222,98.5,siliciclastic,siliciclastic,siliciclastic,siliciclastic
228128,Porphyry,Mesozoic,3.35,-75.0333333333,166.0,volcanic,volcanic,volcanic,volcanic
228131,Porphyry,Mesozoic,6.7,-76.5,171.0,felsic,felsic,other,other
228164,Sediment-Hosted,Mesozoic,32.200677777778,-6.2988888888889,120.0,other,other,carbonate,carbonate
228182,Sediment-Hosted,Precambrian,15.1666666667,-9.98333333333,560.0,volcanic,volcanic,volcanic,volcanic
228184,Sediment-Hosted,Precambrian,12.2666666667,-11.35,900.0,other,other,volcanic,volcanic
228186,Sediment-Hosted,Precambrian,-10.602738864377,26.134671612671,900.0,other,other,metamorphic,metamorphic
228187,Sediment-Hosted,Precambrian,-10.609825464404,26.300497171316,900.0,other,other,metamorphic,metamorphic
228191,Sediment-Hosted,Mesozoic,-11.0833333333,14.0944444444,115.0,metamorphic,metamorphic,carbonate,carbonate
228192,Sediment-Hosted,Mesozoic,-12.5111111111,13.5166666667,115.0,other,other,carbonate,carbonate
228195,Sediment-Hosted,Precambrian,-12.0163888889,27.9005555556,900.0,other,other,metamorphic,metamorphic
228202,Sediment-Hosted,Precambrian,-12.2752777778,27.9672222222,900.0,other,other,metamorphic,metamorphic
228255,Sediment-Hosted,Precambrian,-12.92889211011,28.07190557013,900.0,metamorphic,metamorphic,metamorphic,metamorphic
228257,Sediment-Hosted,Precambrian,-12.8544444444,28.2125,900.0,volcanic,volcanic,metamorphic,metamorphic
228258,Sediment-Hosted,Precambrian,-20.5,26.5583333333,1926.0,other,other,metamorphic,metamorphic
228259,Sediment-Hosted,Precambrian,-20.75,23.1,900.0,other,other,other,other
228261,Sediment-Hosted,Precambrian,-21.0833333333,26.75,900.0,metamorphic,metamorphic,metamorphic,metamorphic
228263,Sediment-Hosted,Precambrian,-21.7280555556,21.6119444444,900.0,volcanic,volcanic,metamorphic,metamorphic
228264,Sediment-Hosted,Precambrian,-22.3833333333,18.5333333333,900.0,volcanic,volcanic,metamorphic,metamorphic
228282,Sediment-Hosted,Precambrian,66.5166666667,87.55,600.0,carbonate,carbonate,carbonate,carbonate
228308,Sediment-Hosted,Paleozoic,61.25,137.5,345.0,carbonate,carbonate,carbonate,carbonate
228326,Sediment-Hosted,Mesozoic,56.5,50.75,250.0,siliciclastic,siliciclastic,other,other
228328,Sediment-Hosted,Precambrian,56.4166666667,118.666666667,2000.0,metamorphic,metamorphic,other,other
228329,Sediment-Hosted,Paleozoic,55.5,103.75,480.0,other,other,carbonate,carbonate
228361,Sediment-Hosted,Precambrian,24.183333333333,102.16666666667,1500.0,mafic,mafic,other,other
228363,Sediment-Hosted,Mesozoic,25.998888888889,103.12055555556,70.0,mafic,mafic,other,other
228364,Sediment-Hosted,Mesozoic,23.75,103.58333333333,70.0,other,other,volcanic,volcanic
228365,Sediment-Hosted,Mesozoic,26.05,101.333333333,70.0,other,other,siliciclastic,siliciclastic
229581,Sediment-Hosted,Mesozoic,-38.85,-69.0,90.0,other,other,siliciclastic,siliciclastic
229882,IOCG,Unknown,32.516666666667,80.85,,felsic,felsic,other,other
230046,Porphyry,Paleozoic,43.866666666667,108.33333333333,370.4,other,other,other,other
230048,VMS,Paleozoic,37.500555555556,-6.0933333333333,326.35,carbonate,carbonate,carbonate,carbonate
230442,IOCG,Unknown,14.294551397102,122.64926851543,,other,other,other,other
230718,IOCG,Unknown,46.466666666667,90.1,,other,other,carbonate,carbonate
231161,VMS,Mesozoic,22.03,-80.15,145.0,other,other,carbonate,carbonate
231326,VMS,Paleozoic,64.85622,13.434215,464.5,metamorphic,metamorphic,metamorphic,metamorphic
231677,VMS,Unknown,50.6333333333,-117.4,,carbonate,carbonate,carbonate,carbonate
231947,Magmatic sulfide,Precambrian,-19.15,29.8,2700.0,mafic,mafic,metamorphic,metamorphic
232161,IOCG,Unknown,-15.2833333333,-75.1083333333,,metamorphic,metamorphic,felsic,felsic
232236,Magmatic sulfide,Paleozoic,42.5363888889,95.7016666667,268.35,other,other,siliciclastic,siliciclastic
232939,Magmatic sulfide,Unknown,41.839961111111,109.99635555556,,other,other,other,other
233025,IOCG,Unknown,-34.5302777778,137.870277778,,metamorphic,metamorphic,other,other
233347,Sediment-Hosted,Precambrian,70.513759246927,24.106634126953,1924.65,mafic,mafic,unknown,unknown
233725,VMS,Precambrian,48.302533333333,-79.055944444444,2700.0,volcanic,volcanic,volcanic,volcanic
236806,Porphyry,Cenozoic,46.225277777778,23.186388888889,14.15,carbonate,carbonate,carbonate,carbonate
237746,VMS,Mesozoic,41.807943359521,33.688893314322,173.0,carbonate,carbonate,carbonate,carbonate
237747,VMS,Mesozoic,41.805094059629,33.68852612482,173.0,carbonate,carbonate,carbonate,carbonate
238301,IOCG,Mesozoic,-12.698055555556,-76.6225,105.5,other,other,other,other
239423,Sediment-Hosted,Precambrian,-31.449280808735,137.17378686567,630.0,carbonate,carbonate,siliciclastic,siliciclastic
239474,VMS,Paleozoic,-37.004386111111,147.88663333333,430.0,metamorphic,metamorphic,other,other
239475,VMS,Paleozoic,-36.989305555556,147.91134444444,430.0,metamorphic,metamorphic,other,other
241607,VMS,Paleozoic,51.1444444444,-119.809444444,390.0,metamorphic,metamorphic,metamorphic,metamorphic
241797,IOCG,Unknown,-34.0558333333,137.614166667,,felsic,felsic,other,other
242440,Sediment-Hosted,Mesozoic,23.5,103.91666666667,70.0,other,other,carbonate,carbonate
242867,VMS,Paleozoic,45.7038888889,-71.3727777778,470.0,volcanic,volcanic,volcanic,volcanic
243349,VMS,Precambrian,54.765555555556,-101.6175,1800.0,volcanic,volcanic,volcanic,volcanic
243676,VMS,Precambrian,48.9780555556,-87.3647222222,2723.0,felsic,felsic,mafic,mafic
243680,VMS,Precambrian,49.8669444444,-91.0369444444,2735.0,mafic,mafic,volcanic,volcanic
243681,VMS,Precambrian,49.8769444444,-90.8830555556,2735.0,mafic,mafic,volcanic,volcanic
243684,VMS,Precambrian,49.8869444444,-90.89,2735.0,mafic,mafic,volcanic,volcanic
244258,VMS,Precambrian,49.1566666667,-85.8252777778,3250.0,volcanic,volcanic,volcanic,volcanic
244581,VMS,Precambrian,48.379080555556,-78.909311111111,2698.0,volcanic,volcanic,volcanic,volcanic
244583,VMS,Precambrian,48.298380555556,-79.152322222222,2700.0,volcanic,volcanic,felsic,felsic
244584,VMS,Precambrian,48.2211272811,-79.2380332947,3250.0,volcanic,volcanic,volcanic,volcanic
244626,VMS,Paleozoic,50.5330555556,81.8755555556,380.0,other,other,other,other
244917,VMS,Precambrian,48.356066666667,-79.058297222222,2700.0,volcanic,volcanic,volcanic,volcanic
244919,VMS,Precambrian,48.440833333333,-79.350833333333,2703.0,volcanic,volcanic,volcanic,volcanic
246047,VMS,Paleozoic,42.8525,-8.48833333333,431.5,siliciclastic,siliciclastic,metamorphic,metamorphic
247872,Magmatic sulfide,Unknown,-18.4677777778,29.4522222222,,volcanic,volcanic,metamorphic,metamorphic
248675,VMS,Cenozoic,11.8004,125.2658,7.0,other,other,other,other
248677,VMS,Cenozoic,8.0008,117.0493,50.0,other,other,siliciclastic,siliciclastic
248824,VMS,Precambrian,48.339563888889,-79.089980555556,2700.0,volcanic,volcanic,volcanic,volcanic
248876,VMS,Paleozoic,48.825,-56.8763888889,452.0,mafic,mafic,volcanic,volcanic
248877,VMS,Paleozoic,48.8330555556,-56.8836111111,452.0,mafic,mafic,volcanic,volcanic
248892,VMS,Paleozoic,49.6561111111,-56.0322222222,500.0,mafic,mafic,metamorphic,metamorphic
250732,Sediment-Hosted,Paleozoic,34.5166666667,-99.5497222222,270.0,other,other,other,other
250907,IOCG,Unknown,67.559079055992,23.969422121644,,felsic,felsic,felsic,felsic
251086,VMS,Paleozoic,51.19784851042,82.196097169946,377.5,other,other,volcanic,volcanic
252865,VMS,Precambrian,54.8434578678,-100.110855103,1520.5,volcanic,volcanic,volcanic,volcanic
254752,VMS,Precambrian,46.2069444444,-82.6491666667,3250.0,siliciclastic,siliciclastic,siliciclastic,siliciclastic
254956,VMS,Unknown,49.1647222222,-85.8463888889,,felsic,felsic,volcanic,volcanic
254957,VMS,Precambrian,49.1758333333,-85.8838888889,2720.0,volcanic,volcanic,metamorphic,metamorphic
256822,VMS,Precambrian,48.2641666667,-79.0219444444,2700.0,volcanic,volcanic,volcanic,volcanic
256957,VMS,Precambrian,48.2547222222,-78.4347222222,3250.0,mafic,mafic,volcanic,volcanic
257036,VMS,Precambrian,48.0997222222,-77.5163888889,3250.0,mafic,mafic,volcanic,volcanic
257043,VMS,Precambrian,48.0877777778,-77.6102777778,3250.0,mafic,mafic,volcanic,volcanic
257044,VMS,Precambrian,48.0758333333,-77.5772222222,3250.0,mafic,mafic,volcanic,volcanic
257046,VMS,Precambrian,48.1011111111,-77.6611111111,2704.0,mafic,mafic,metamorphic,metamorphic
258149,Sediment-Hosted,Unknown,52.203,-8.747,,carbonate,carbonate,other,other
258979,VMS,Cenozoic,40.2818,140.565,14.15,volcanic,volcanic,other,other
259043,VMS,Mesozoic,56.211111,-130.345,187.5,volcanic,volcanic,volcanic,volcanic
259234,Magmatic sulfide,Unknown,-25.4630555556,27.1283333333,,mafic,mafic,mafic,mafic
259639,IOCG,Unknown,-19.4855876738,133.902166053,,volcanic,volcanic,siliciclastic,siliciclastic
260009,Magmatic sulfide,Mesozoic,36.4930555556,93.3611111111,173.0,other,other,felsic,felsic
262768,VMS,Paleozoic,54.302602637933,85.778760139051,531.0,other,other,siliciclastic,siliciclastic
263387,IOCG,Unknown,-19.4298868594,134.066779815,,metamorphic,metamorphic,other,other
263633,IOCG,Precambrian,62.76,22.8433333333,1802.0,siliciclastic,siliciclastic,metamorphic,metamorphic
265550,IOCG,Precambrian,-20.4414901528,140.786361694,1532.5,carbonate,carbonate,other,other
265644,Porphyry,Unknown,33.2916666667,-111.058333333,,volcanic,volcanic,volcanic,volcanic
266410,Magmatic sulfide,Unknown,56.316666666667,157.2,,other,other,other,other
270268,Sediment-Hosted,Cenozoic,-29.8754904,137.8166906,14.05,carbonate,carbonate,other,other
270647,VMS,Unknown,42.879131583385,-8.3512287975163,,mafic,mafic,metamorphic,metamorphic
272287,VMS,Paleozoic,49.409222,76.11543,406.0,felsic,felsic,other,other
272685,VMS,Unknown,-20.8807773753,117.809023778,,mafic,mafic,siliciclastic,siliciclastic
273386,IOCG,Precambrian,-21.0483333333,139.966944444,1532.5,metamorphic,metamorphic,other,other
274837,Porphyry,Unknown,32.869822832797,-109.54275431436,,other,other,other,other
285574,Porphyry,Mesozoic,-23.1352276233,150.746036275,210.0,carbonate,carbonate,siliciclastic,siliciclastic
289643,VMS,Unknown,51.583055555556,81.593055555556,,other,other,other,other
290467,Sediment-Hosted,Unknown,50.3546614597,4.06150817871,,other,other,siliciclastic,siliciclastic
292624,Sediment-Hosted,Unknown,-22.7225,-68.2344444444,,felsic,felsic,volcanic,volcanic
292660,IOCG,Unknown,-19.6725644632,134.26372524,,metamorphic,metamorphic,other,other
295016,VMS,Mesozoic,22.2138888889,-80.0805555556,122.5,mafic,mafic,volcanic,volcanic
296327,VMS,Unknown,50.4799095249,59.1083021376,,felsic,felsic,felsic,felsic
297726,IOCG,Unknown,-9.66881,-36.73712,,volcanic,volcanic,metamorphic,metamorphic
298078,Magmatic sulfide,Precambrian,-17.332132591184,31.281606261019,2700.0,mafic,mafic,metamorphic,metamorphic
301111,VMS,Unknown,-20.336366185142,145.77473397006,,siliciclastic,siliciclastic,other,other
301415,Porphyry,Unknown,51.451151835756,-123.61036212384,,mafic,mafic,volcanic,volcanic
302291,VMS,Unknown,47.28362,-65.87829,,mafic,mafic,volcanic,volcanic
302499,IOCG,Unknown,38.94021,-119.05178,,volcanic,volcanic,other,other
302593,VMS,Unknown,51.5,-119.83333333333,,metamorphic,metamorphic,metamorphic,metamorphic
302747,Magmatic sulfide,Unknown,-17.966666666667,29.8,,volcanic,volcanic,metamorphic,metamorphic
308054,VMS,Unknown,59.8,59.666666666667,,mafic,mafic,carbonate,carbonate
308438,VMS,Unknown,49.240279126543,86.622313510478,,other,other,other,other
308609,VMS,Unknown,-31.395552935688,146.72125220105,,volcanic,volcanic,other,other
310457,VMS,Unknown,63.452777777778,-110.91805555556,,felsic,felsic,felsic,felsic
332884,VMS,Unknown,-4.9166666666667,-80.166666666667,,other,other,felsic,felsic
333667,VMS,Unknown,38.49834,67.65078,,other,other,other,other
339708,IOCG,Unknown,-21.756948825209,140.44782145846,,metamorphic,metamorphic,metamorphic,metamorphic
344977,IOCG,Unknown,26.191666666667,101.95,,other,other,metamorphic,metamorphic
405074,Magmatic sulfide,Unknown,42.145666701876,92.525142503803,,other,other,other,other
412590,VMS,Unknown,45.733333333333,-60.416666666667,,volcanic,volcanic,volcanic,volcanic
413049,IOCG,Unknown,-6.4783529249112,-51.209864923378,,volcanic,volcanic,metamorphic,metamorphic
417880,IOCG,Unknown,45.536628,130.566666,,other,other,siliciclastic,siliciclastic
418454,Sediment-Hosted,Unknown,26.126666666667,103.00527777778,,mafic,mafic,other,other
423314,VMS,Unknown,34.140994,107.718021,,other,other,carbonate,carbonate
424161,VMS,Unknown,47.718888888889,-66.283333333333,,volcanic,volcanic,siliciclastic,siliciclastic
424703,IOCG,Unknown,19.688056,-97.125556,,volcanic,volcanic,volcanic,volcanic
425517,IOCG,Unknown,-27.016666666667,-70.1,,other,other,other,other
426693,IOCG,Unknown,-6.0,-49.85,,felsic,felsic,felsic,felsic
427366,IOCG,Unknown,-34.5376924,137.8708404,,metamorphic,metamorphic,other,other
432887,Magmatic sulfide,Unknown,55.766666666667,-66.933333333333,,volcanic,volcanic,volcanic,volcanic
433058,Magmatic sulfide,Unknown,42.75511661,95.83086032,,other,other,other,other
437536,IOCG,Unknown,27.808333333333,33.070277777778,,mafic,mafic,metamorphic,metamorphic
440458,Sediment-Hosted,Unknown,73.680725698693,-94.302520751953,,carbonate,carbonate,other,other
441900,IOCG,Unknown,41.77594036,91.59081227,,metamorphic,metamorphic,felsic,felsic
442201,IOCG,Unknown,64.166666666667,-117.13333333333,,felsic,felsic,volcanic,volcanic
442215,VMS,Unknown,-13.072789867328,-48.265686035156,,mafic,mafic,metamorphic,metamorphic
442509,IOCG,Unknown,67.193888888889,20.88,,felsic,felsic,volcanic,volcanic
442519,IOCG,Unknown,67.69276897203,19.502544398374,,felsic,felsic,volcanic,volcanic
443145,Sediment-Hosted,Unknown,36.825,47.866666666667,,other,other,metamorphic,metamorphic
444000,VMS,Unknown,41.2518,41.8195,,volcanic,volcanic,volcanic,volcanic
444013,Magmatic sulfide,Unknown,42.014097081244,110.12197494507,,other,other,other,other
444419,Porphyry,Unknown,29.397727866142,88.390417098999,,felsic,felsic,volcanic,volcanic
446146,IOCG,Unknown,38.5356,-7.056,,carbonate,carbonate,carbonate,carbonate
446710,VMS,Unknown,42.878652888977,-8.3208722667072,,siliciclastic,siliciclastic,metamorphic,metamorphic
454720,IOCG,Unknown,65.5039993,130.2771693,,siliciclastic,siliciclastic,siliciclastic,siliciclastic
455407,VMS,Unknown,37.58493268501,-7.1064014732838,,carbonate,carbonate,other,other
455829,IOCG,Unknown,-6.4833333333333,-49.7,,felsic,felsic,volcanic,volcanic
