mineral_raw,mineral_base,key,count,family_primary,family_copper,tags
Pyrite,Pyrite,pyrite,1277,Sulfides_and_analogues,Fe_sulfides,Fe_sulfide
Chalcopyrite,Chalcopyrite,chalcopyrite,1274,Sulfides_and_analogues,Cu_sulfides_primary,Cu_bearing;hypogene_Cu
Muscovite,Muscovite,muscovite,831,Silicates,Micas_sericite,
Sphalerite,Sphalerite,sphalerite,811,Sulfides_and_analogues,Zn_sulfides,
Quartz,Quartz,quartz,750,Silicates,Quartz,
Magnetite,Magnetite,magnetite,749,Oxides_hydroxides,Fe_oxides_hydroxides,Fe_oxide
Bornite,Bornite,bornite,705,Sulfides_and_analogues,Cu_sulfides_primary,Cu_bearing;hypogene_Cu
Galena,Galena,galena,695,Sulfides_and_analogues,Pb_sulfides,
Chalcocite,Chalcocite,chalcocite,642,Sulfides_and_analogues,Cu_sulfides_supergene,Cu_bearing;supergene_Cu
Molybdenite,Molybdenite,molybdenite,585,Sulfides_and_analogues,Mo_sulfides,Mo_bearing;porphyry_Mo_indicator
Hematite,Hematite,hematite,572,Oxides_hydroxides,Fe_oxides_hydroxides,Fe_oxide
Epidote,Epidote,epidote,572,Silicates,Skarn_calc_silicates,skarn_proxy
Pyrrhotite,Pyrrhotite,pyrrhotite,564,Sulfides_and_analogues,Fe_sulfides,Fe_sulfide
Malachite,Malachite,malachite,530,Carbonates_nitrates,Cu_carbonates_silicates,Cu_bearing;supergene_Cu
Calcite,Calcite,calcite,527,Carbonates_nitrates,Carbonates,
Gold,Gold,gold,499,Native_elements,Au_Ag_native,Au_bearing
Covellite,Covellite,covellite,483,Sulfides_and_analogues,Cu_sulfides_supergene,Cu_bearing;supergene_Cu
Azurite,Azurite,azurite,351,Carbonates_nitrates,Cu_carbonates_silicates,Cu_bearing;supergene_Cu
Kaolinite,Kaolinite,kaolinite,327,Silicates,Clay_minerals,
Albite,Albite,albite,297,Silicates,Feldspars,
Copper,Copper,copper,295,Native_elements,Native_elements_misc,Cu_bearing
Gypsum,Gypsum,gypsum,293,Sulfates_chromates_molybdates_tungstates,Evaporite_sulfates,
Baryte,Baryte,baryte,290,Sulfates_chromates_molybdates_tungstates,Barite,
Arsenopyrite,Arsenopyrite,arsenopyrite,278,Sulfosalts,Ni_Co_sulfides_arsenides,
Actinolite,Actinolite,actinolite,275,Silicates,Skarn_calc_silicates,skarn_proxy
Cuprite,Cuprite,cuprite,265,Oxides_hydroxides,Cu_oxides,Cu_bearing;supergene_Cu
Goethite,Goethite,goethite,260,Oxides_hydroxides,Fe_oxides_hydroxides,Fe_oxide
Chrysocolla,Chrysocolla,chrysocolla,236,Silicates,Other_silicates,Cu_bearing;supergene_Cu
Anhydrite,Anhydrite,anhydrite,229,Sulfates_chromates_molybdates_tungstates,Evaporite_sulfates,
Rutile,Rutile,rutile,226,Oxides_hydroxides,Ti_oxides,
Marcasite,Marcasite,marcasite,217,Sulfides_and_analogues,Fe_sulfides,Fe_sulfide
Digenite,Digenite,digenite,209,Sulfides_and_analogues,Cu_sulfides_supergene,Cu_bearing;supergene_Cu
Dolomite,Dolomite,dolomite,193,Carbonates_nitrates,Carbonates,
Silver,Silver,silver,189,Native_elements,Au_Ag_native,Ag_bearing
Ilmenite,Ilmenite,ilmenite,187,Oxides_hydroxides,Fe_oxides_hydroxides,
Titanite,Titanite,titanite,172,Silicates,Other_silicates,
Jarosite,Jarosite,jarosite,165,Sulfates_chromates_molybdates_tungstates,Sulfates_other,
Siderite,Siderite,siderite,153,Carbonates_nitrates,Carbonates,
Tenorite,Tenorite,tenorite,141,Oxides_hydroxides,Cu_oxides,Cu_bearing;supergene_Cu
Enargite,Enargite,enargite,134,Sulfosalts,Cu_sulfides_other,Cu_bearing
Zircon,Zircon,zircon,132,Silicates,Other_silicates,
Fluorite,Fluorite,fluorite,130,Halides,Halides_fluorite,
Cubanite,Cubanite,cubanite,128,Sulfides_and_analogues,Cu_sulfides_other,Cu_bearing
Alunite,Alunite,alunite,126,Sulfates_chromates_molybdates_tungstates,Sulfates_other,
Pentlandite,Pentlandite,pentlandite,125,Sulfides_and_analogues,Ni_Co_sulfides_arsenides,Ni_bearing
Brochantite,Brochantite,brochantite,119,Sulfates_chromates_molybdates_tungstates,Sulfates_other,Cu_bearing
Tremolite,Tremolite,tremolite,112,Silicates,Other_silicates,
Talc,Talc,talc,109,Silicates,Other_silicates,
Hessite,Hessite,hessite,104,Sulfides_and_analogues,Sulfides_misc,Ag_bearing
Montmorillonite,Montmorillonite,montmorillonite,103,Silicates,Clay_minerals,
Cobaltite,Cobaltite,cobaltite,102,Sulfosalts,Ni_Co_sulfides_arsenides,Co_bearing
Chalcanthite,Chalcanthite,chalcanthite,102,Sulfates_chromates_molybdates_tungstates,Sulfates_other,Cu_bearing
Diopside,Diopside,diopside,102,Silicates,Skarn_calc_silicates,skarn_proxy
Ankerite,Ankerite,ankerite,99,Carbonates_nitrates,Carbonates,
Scheelite,Scheelite,scheelite,89,Sulfates_chromates_molybdates_tungstates,Sulfates_other,
Pyrophyllite,Pyrophyllite,pyrophyllite,87,Silicates,Other_silicates,
Acanthite,Acanthite,acanthite,84,Sulfides_and_analogues,Sulfides_misc,Ag_bearing
Bismuth,Bismuth,bismuth,81,Native_elements,Native_elements_misc,
Atacamite,Atacamite,atacamite,79,Halides,Halides_other,Cu_bearing
Bismuthinite,Bismuthinite,bismuthinite,77,Sulfosalts,As_Sb_Bi_sulfosalts,
Phlogopite,Phlogopite,phlogopite,76,Silicates,Other_silicates,
Orthoclase,Orthoclase,orthoclase,71,Silicates,Feldspars,
Mackinawite,Mackinawite,mackinawite,63,Sulfides_and_analogues,Ni_Co_sulfides_arsenides,Ni_bearing
Andalusite,Andalusite,andalusite,60,Silicates,Other_silicates,
Altaite,Altaite,altaite,59,Sulfides_and_analogues,Pb_sulfides,
Clinochlore,Clinochlore,clinochlore,59,Silicates,Other_silicates,
Cassiterite,Cassiterite,cassiterite,56,Oxides_hydroxides,Oxides_misc,
Graphite,Graphite,graphite,53,Native_elements,Native_elements_misc,
Stannite,Stannite,stannite,52,Sulfides_and_analogues,Cu_sulfides_other,Cu_bearing
Millerite,Millerite,millerite,52,Sulfides_and_analogues,Ni_Co_sulfides_arsenides,Ni_bearing
Dickite,Dickite,dickite,52,Silicates,Other_silicates,
Cerussite,Cerussite,cerussite,52,Carbonates_nitrates,Carbonates,
Bournonite,Bournonite,bournonite,51,Sulfosalts,Cu_sulfides_other,Cu_bearing
Violarite,Violarite,violarite,51,Sulfides_and_analogues,Ni_Co_sulfides_arsenides,Ni_bearing
Gersdorffite,Gersdorffite,gersdorffite,50,Sulfosalts,Ni_Co_sulfides_arsenides,Ni_bearing
Chromite,Chromite,chromite,49,Oxides_hydroxides,Fe_oxides_hydroxides,
Diaspore,Diaspore,diaspore,48,Oxides_hydroxides,Oxides_misc,
Uraninite,Uraninite,uraninite,48,Oxides_hydroxides,Oxides_misc,U_Th_indicator
Microcline,Microcline,microcline,47,Silicates,Feldspars,
Carrollite,Carrollite,carrollite,46,Sulfides_and_analogues,Cu_sulfides_other,Co_bearing;Cu_bearing
Turquoise,Turquoise,turquoise,44,Phosphates_arsenates_vanadates,Phosphates_other,Cu_bearing
Pseudomalachite,Pseudomalachite,pseudomalachite,44,Phosphates_arsenates_vanadates,Phosphates_other,Cu_bearing
Valleriite,Valleriite,valleriite,44,Sulfides_and_analogues,Cu_sulfides_other,Cu_bearing
Nickeline,Nickeline,nickeline,44,Sulfides_and_analogues,Ni_Co_sulfides_arsenides,Ni_bearing
Djurleite,Djurleite,djurleite,44,Sulfides_and_analogues,Cu_sulfides_other,Cu_bearing
Tellurobismuthite,Tellurobismuthite,tellurobismuthite,43,Sulfosalts,As_Sb_Bi_sulfosalts,
Prehnite,Prehnite,prehnite,41,Silicates,Other_silicates,
Sperrylite,Sperrylite,sperrylite,40,Sulfides_and_analogues,Ni_Co_sulfides_arsenides,
Merenskyite,Merenskyite,merenskyite,39,Sulfides_and_analogues,Sulfides_misc,
Spinel,Spinel,spinel,39,Oxides_hydroxides,Oxides_misc,
Andradite,Andradite,andradite,39,Silicates,Other_silicates,
Wittichenite,Wittichenite,wittichenite,38,Sulfosalts,Cu_sulfides_other,Cu_bearing
Augite,Augite,augite,38,Silicates,Other_silicates,
Smithsonite,Smithsonite,smithsonite,38,Carbonates_nitrates,Carbonates,
Libethenite,Libethenite,libethenite,38,Phosphates_arsenates_vanadates,Phosphates_other,Cu_bearing
Anglesite,Anglesite,anglesite,37,Sulfates_chromates_molybdates_tungstates,Sulfates_other,
Anthophyllite,Anthophyllite,anthophyllite,36,Silicates,Other_silicates,
Melanterite,Melanterite,melanterite,36,Sulfates_chromates_molybdates_tungstates,Sulfates_other,
Clinozoisite,Clinozoisite,clinozoisite,36,Silicates,Epidote_group,
Petzite,Petzite,petzite,36,Sulfides_and_analogues,Sulfides_misc,Ag_bearing;Au_bearing
Fluorapatite,Fluorapatite,fluorapatite,35,Phosphates_arsenates_vanadates,Phosphates_apatite,
Antlerite,Antlerite,antlerite,34,Sulfates_chromates_molybdates_tungstates,Sulfates_other,Cu_bearing
Cordierite,Cordierite,cordierite,34,Silicates,Other_silicates,
Zoisite,Zoisite,zoisite,34,Silicates,Other_silicates,
Tetradymite,Tetradymite,tetradymite,34,Sulfosalts,As_Sb_Bi_sulfosalts,
Rhodochrosite,Rhodochrosite,rhodochrosite,32,Carbonates_nitrates,Carbonates,
Wollastonite,Wollastonite,wollastonite,32,Silicates,Skarn_calc_silicates,skarn_proxy
Luzonite,Luzonite,luzonite,31,Sulfosalts,Cu_sulfides_other,Cu_bearing
Aikinite,Aikinite,aikinite,31,Sulfosalts,Cu_sulfides_other,Cu_bearing
Clausthalite,Clausthalite,clausthalite,30,Sulfides_and_analogues,Pb_sulfides,
Laumontite,Laumontite,laumontite,30,Silicates,Other_silicates,
Stibnite,Stibnite,stibnite,30,Sulfosalts,As_Sb_Bi_sulfosalts,
Stromeyerite,Stromeyerite,stromeyerite,30,Sulfides_and_analogues,Cu_sulfides_other,Ag_bearing;Cu_bearing
Almandine,Almandine,almandine,29,Silicates,Other_silicates,
Grossular,Grossular,grossular,29,Silicates,Other_silicates,
Michenerite,Michenerite,michenerite,29,Sulfosalts,As_Sb_Bi_sulfosalts,
Boulangerite,Boulangerite,boulangerite,28,Sulfosalts,Pb_sulfides,
Melonite,Melonite,melonite,28,Sulfides_and_analogues,Ni_Co_sulfides_arsenides,Ni_bearing
Neotocite,Neotocite,neotocite,28,Silicates,Other_silicates,
Calaverite,Calaverite,calaverite,28,Sulfides_and_analogues,Sulfides_misc,Au_bearing
Aragonite,Aragonite,aragonite,27,Carbonates_nitrates,Carbonates,
Delafossite,Delafossite,delafossite,27,Oxides_hydroxides,Fe_oxides_hydroxides,Cu_bearing
Sulphur,Sulphur,sulphur,27,Sulfides_and_analogues,Sulfides_misc,
Linnaeite,Linnaeite,linnaeite,27,Carbonates_nitrates,Carbonates,Co_bearing
Sylvanite,Sylvanite,sylvanite,26,Sulfides_and_analogues,Sulfides_misc,Ag_bearing;Au_bearing
Moncheite,Moncheite,moncheite,26,Sulfosalts,As_Sb_Bi_sulfosalts,
Pyrargyrite,Pyrargyrite,pyrargyrite,26,Sulfosalts,As_Sb_Bi_sulfosalts,Ag_bearing
Wulfenite,Wulfenite,wulfenite,25,Sulfates_chromates_molybdates_tungstates,Sulfates_other,Mo_bearing
Halloysite,Halloysite,halloysite,24,Silicates,Other_silicates,
Pyrolusite,Pyrolusite,pyrolusite,24,Oxides_hydroxides,Mn_oxides,
Chamosite,Chamosite,chamosite,23,Silicates,Other_silicates,
Torbernite,Torbernite,torbernite,23,Phosphates_arsenates_vanadates,Phosphates_other,Cu_bearing;U_Th_indicator
Anorthite,Anorthite,anorthite,23,Silicates,Other_silicates,
Forsterite,Forsterite,forsterite,23,Silicates,Other_silicates,
Magnesite,Magnesite,magnesite,23,Carbonates_nitrates,Carbonates,
Staurolite,Staurolite,staurolite,23,Silicates,Other_silicates,
Halite,Halite,halite,22,Halides,Halides_other,
Siegenite,Siegenite,siegenite,22,Sulfides_and_analogues,Ni_Co_sulfides_arsenides,Co_bearing;Ni_bearing
Hedenbergite,Hedenbergite,hedenbergite,22,Silicates,Other_silicates,
Emplectite,Emplectite,emplectite,22,Sulfosalts,Cu_sulfides_other,Cu_bearing
Opal,Opal,opal,22,Silicates,Other_silicates,
Ferrimolybdite,Ferrimolybdite,ferrimolybdite,22,Oxides_hydroxides,Fe_oxides_hydroxides,Mo_bearing
Anatase,Anatase,anatase,21,Oxides_hydroxides,Ti_oxides,
Löllingite,Löllingite,löllingite,21,Sulfides_and_analogues,Ni_Co_sulfides_arsenides,
Antigorite,Antigorite,antigorite,21,Silicates,Other_silicates,
Corundum,Corundum,corundum,21,Oxides_hydroxides,Oxides_misc,
Gudmundite,Gudmundite,gudmundite,20,Sulfosalts,As_Sb_Bi_sulfosalts,
Sillimanite,Sillimanite,sillimanite,20,Silicates,Other_silicates,
Vesuvianite,Vesuvianite,vesuvianite,20,Halides,Halides_fluorite,skarn_proxy
Idaite,Idaite,idaite,20,Sulfides_and_analogues,Cu_sulfides_other,Cu_bearing
Kotulskite,Kotulskite,kotulskite,20,Sulfosalts,As_Sb_Bi_sulfosalts,
Allophane,Allophane,allophane,20,Silicates,Other_silicates,
Hemimorphite,Hemimorphite,hemimorphite,20,Silicates,Other_silicates,
Gahnite,Gahnite,gahnite,19,Oxides_hydroxides,Oxides_misc,
Meneghinite,Meneghinite,meneghinite,19,Sulfosalts,Cu_sulfides_other,Cu_bearing
Kyanite,Kyanite,kyanite,19,Silicates,Other_silicates,
Chlorargyrite,Chlorargyrite,chlorargyrite,19,Halides,Halides_other,Ag_bearing
Schorl,Schorl,schorl,19,Silicates,Other_silicates,
Colusite,Colusite,colusite,18,Sulfosalts,Cu_sulfides_other,Cu_bearing
Maucherite,Maucherite,maucherite,18,Sulfides_and_analogues,Ni_Co_sulfides_arsenides,Ni_bearing
Anilite,Anilite,anilite,18,Sulfides_and_analogues,Cu_sulfides_other,Cu_bearing
Zunyite,Zunyite,zunyite,18,Halides,Halides_fluorite,
Enstatite,Enstatite,enstatite,18,Silicates,Other_silicates,
Halotrichite,Halotrichite,halotrichite,18,Sulfates_chromates_molybdates_tungstates,Sulfates_other,
Cosalite,Cosalite,cosalite,18,Sulfosalts,Pb_sulfides,
Stilpnomelane,Stilpnomelane,stilpnomelane,18,Silicates,Other_silicates,
Dioptase,Dioptase,dioptase,18,Silicates,Other_silicates,Cu_bearing
Jamesonite,Jamesonite,jamesonite,18,Sulfosalts,Pb_sulfides,
Froodite,Froodite,froodite,17,Sulfides_and_analogues,As_Sb_Bi_sulfosalts,
Conichalcite,Conichalcite,conichalcite,17,Sulfates_chromates_molybdates_tungstates,Sulfates_other,Cu_bearing
Copiapite,Copiapite,copiapite,17,Sulfates_chromates_molybdates_tungstates,Sulfates_other,
Platinum,Platinum,platinum,17,Native_elements,PGE_alloys_intermetallics,
Erythrite,Erythrite,erythrite,16,Carbonates_nitrates,Carbonates,Co_bearing
Plancheite,Plancheite,plancheite,16,Silicates,Other_silicates,Cu_bearing
Mimetite,Mimetite,mimetite,16,Sulfates_chromates_molybdates_tungstates,Sulfates_other,
Metatorbernite,Metatorbernite,metatorbernite,16,Phosphates_arsenates_vanadates,Phosphates_other,Cu_bearing;U_Th_indicator
Spessartine,Spessartine,spessartine,16,Silicates,Other_silicates,
Cummingtonite,Cummingtonite,cummingtonite,16,Silicates,Other_silicates,
Paragonite,Paragonite,paragonite,16,Silicates,Other_silicates,
Olivenite,Olivenite,olivenite,16,Sulfates_chromates_molybdates_tungstates,Sulfates_other,Cu_bearing
Laurite,Laurite,laurite,15,Sulfides_and_analogues,Sulfides_misc,
Cooperite,Cooperite,cooperite,15,Sulfides_and_analogues,Sulfides_misc,
Vivianite,Vivianite,vivianite,15,Phosphates_arsenates_vanadates,Phosphates_other,
Pearceite,Pearceite,pearceite,15,Sulfosalts,Cu_sulfides_other,Ag_bearing;Cu_bearing
Breithauptite,Breithauptite,breithauptite,15,Sulfides_and_analogues,Ni_Co_sulfides_arsenides,Ni_bearing
Aurichalcite,Aurichalcite,aurichalcite,15,Carbonates_nitrates,Cu_carbonates_silicates,Cu_bearing
Epsomite,Epsomite,epsomite,15,Sulfates_chromates_molybdates_tungstates,Sulfates_other,
Cinnabar,Cinnabar,cinnabar,15,Sulfides_and_analogues,Sulfides_misc,
Powellite,Powellite,powellite,15,Sulfates_chromates_molybdates_tungstates,Sulfates_other,Mo_bearing
Proustite,Proustite,proustite,15,Sulfosalts,Ni_Co_sulfides_arsenides,Ag_bearing
Cornetite,Cornetite,cornetite,14,Phosphates_arsenates_vanadates,Phosphates_other,Cu_bearing
Heterogenite,Heterogenite,heterogenite,14,Carbonates_nitrates,Carbonates,Co_bearing
Brannerite,Brannerite,brannerite,14,Oxides_hydroxides,Ti_oxides,U_Th_indicator
Connellite,Connellite,connellite,14,Sulfates_chromates_molybdates_tungstates,Sulfates_other,Cu_bearing
Troilite,Troilite,troilite,14,Sulfides_and_analogues,Sulfides_misc,
Arsenic,Arsenic,arsenic,14,Native_elements,Native_elements_misc,
Matildite,Matildite,matildite,14,Sulfosalts,As_Sb_Bi_sulfosalts,Ag_bearing
Stützite,Stützite,stützite,14,Sulfides_and_analogues,Sulfides_misc,Ag_bearing
Argentopentlandite,Argentopentlandite,argentopentlandite,14,Sulfides_and_analogues,Ni_Co_sulfides_arsenides,Ag_bearing;Ni_bearing
Alunogen,Alunogen,alunogen,14,Sulfates_chromates_molybdates_tungstates,Sulfates_other,
Galenobismutite,Galenobismutite,galenobismutite,14,Sulfosalts,Pb_sulfides,
Hastingsite,Hastingsite,hastingsite,13,Silicates,Other_silicates,
Polydymite,Polydymite,polydymite,13,Sulfides_and_analogues,Ni_Co_sulfides_arsenides,Ni_bearing
Krennerite,Krennerite,krennerite,13,Sulfides_and_analogues,Sulfides_misc,Ag_bearing;Au_bearing
Polybasite,Polybasite,polybasite,13,Sulfosalts,Cu_sulfides_other,Ag_bearing;Cu_bearing
Lepidocrocite,Lepidocrocite,lepidocrocite,13,Oxides_hydroxides,Fe_oxides_hydroxides,
Realgar,Realgar,realgar,13,Sulfosalts,Ni_Co_sulfides_arsenides,
Cyanotrichite,Cyanotrichite,cyanotrichite,13,Sulfates_chromates_molybdates_tungstates,Sulfates_other,Cu_bearing
Paratacamite,Paratacamite,paratacamite,13,Halides,Halides_other,Cu_bearing
Celestine,Celestine,celestine,13,Sulfates_chromates_molybdates_tungstates,Sulfates_other,
Famatinite,Famatinite,famatinite,13,Sulfosalts,Cu_sulfides_other,Cu_bearing
Topaz,Topaz,topaz,13,Halides,Halides_fluorite,
Sudburyite,Sudburyite,sudburyite,13,Sulfides_and_analogues,As_Sb_Bi_sulfosalts,
Irarsite,Irarsite,irarsite,13,Sulfosalts,Ni_Co_sulfides_arsenides,
Stephanite,Stephanite,stephanite,12,Sulfosalts,As_Sb_Bi_sulfosalts,Ag_bearing
Dyscrasite,Dyscrasite,dyscrasite,12,Sulfides_and_analogues,As_Sb_Bi_sulfosalts,Ag_bearing
Tellurium,Tellurium,tellurium,12,Native_elements,Native_elements_misc,
Devilline,Devilline,devilline,12,Sulfates_chromates_molybdates_tungstates,Sulfates_other,Cu_bearing
Svanbergite,Svanbergite,svanbergite,12,Sulfates_chromates_molybdates_tungstates,Sulfates_other,
Stibiopalladinite,Stibiopalladinite,stibiopalladinite,12,Sulfides_and_analogues,As_Sb_Bi_sulfosalts,
Mawsonite,Mawsonite,mawsonite,12,Sulfides_and_analogues,Cu_sulfides_other,Cu_bearing
Natrojarosite,Natrojarosite,natrojarosite,12,Sulfates_chromates_molybdates_tungstates,Sulfates_other,
Molybdite,Molybdite,molybdite,12,Oxides_hydroxides,Oxides_misc,Mo_bearing
Parkerite,Parkerite,parkerite,12,Sulfosalts,Pb_sulfides,Ni_bearing
Coloradoite,Coloradoite,coloradoite,12,Sulfides_and_analogues,Sulfides_misc,
Cobaltpentlandite,Cobaltpentlandite,cobaltpentlandite,12,Sulfides_and_analogues,Ni_Co_sulfides_arsenides,Co_bearing
Dravite,Dravite,dravite,12,Silicates,Other_silicates,
Volynskite,Volynskite,volynskite,12,Sulfosalts,As_Sb_Bi_sulfosalts,Ag_bearing
Goslarite,Goslarite,goslarite,12,Sulfates_chromates_molybdates_tungstates,Sulfates_other,
Saponite,Saponite,saponite,12,Silicates,Other_silicates,
Orpiment,Orpiment,orpiment,12,Sulfosalts,Ni_Co_sulfides_arsenides,
Rosasite,Rosasite,rosasite,12,Carbonates_nitrates,Cu_carbonates_silicates,Cu_bearing
Coquimbite,Coquimbite,coquimbite,12,Sulfates_chromates_molybdates_tungstates,Sulfates_other,
Greenockite,Greenockite,greenockite,12,Sulfides_and_analogues,Sulfides_misc,
Beudantite,Beudantite,beudantite,12,Sulfates_chromates_molybdates_tungstates,Sulfates_other,
Pyromorphite,Pyromorphite,pyromorphite,11,Phosphates_arsenates_vanadates,Phosphates_other,
Nontronite,Nontronite,nontronite,11,Silicates,Other_silicates,
Analcime,Analcime,analcime,11,Silicates,Other_silicates,
Ferro-actinolite,Ferro-actinolite,ferro-actinolite,11,Silicates,Other_silicates,
Hollingworthite,Hollingworthite,hollingworthite,11,Sulfosalts,Ni_Co_sulfides_arsenides,
Woodhouseite,Woodhouseite,woodhouseite,11,Sulfates_chromates_molybdates_tungstates,Sulfates_other,
Grunerite,Grunerite,grunerite,11,Silicates,Other_silicates,
Glaucodot,Glaucodot,glaucodot,11,Sulfosalts,Ni_Co_sulfides_arsenides,Co_bearing
Heazlewoodite,Heazlewoodite,heazlewoodite,11,Sulfides_and_analogues,Ni_Co_sulfides_arsenides,Ni_bearing
Monazite-(Ce),Monazite,monazite,11,Phosphates_arsenates_vanadates,REE_accessory,REE_indicator
Linarite,Linarite,linarite,11,Sulfates_chromates_molybdates_tungstates,Sulfates_other,Cu_bearing
Braggite,Braggite,braggite,11,Sulfides_and_analogues,Sulfides_misc,
Hercynite,Hercynite,hercynite,10,Oxides_hydroxides,Fe_oxides_hydroxides,
Xenotime-(Y),Xenotime,xenotime,10,Phosphates_arsenates_vanadates,REE_accessory,REE_indicator
Vaesite,Vaesite,vaesite,10,Sulfides_and_analogues,Ni_Co_sulfides_arsenides,Ni_bearing
Goldfieldite,Goldfieldite,goldfieldite,10,Sulfides_and_analogues,Cu_sulfides_other,Cu_bearing
Thorite,Thorite,thorite,10,Silicates,Other_silicates,U_Th_indicator
Coffinite,Coffinite,coffinite,10,Silicates,Other_silicates,U_Th_indicator
Marialite,Marialite,marialite,10,Halides,Halides_other,
Hexahydrite,Hexahydrite,hexahydrite,10,Sulfates_chromates_molybdates_tungstates,Sulfates_other,
Beaverite-(Cu),Beaverite,beaverite,10,Sulfates_chromates_molybdates_tungstates,Sulfates_other,Cu_bearing
Plumbojarosite,Plumbojarosite,plumbojarosite,10,Sulfates_chromates_molybdates_tungstates,Sulfates_other,
Skutterudite,Skutterudite,skutterudite,10,Sulfides_and_analogues,Ni_Co_sulfides_arsenides,Co_bearing
Rhodonite,Rhodonite,rhodonite,10,Silicates,Other_silicates,
Lizardite,Lizardite,lizardite,10,Silicates,Other_silicates,
Mottramite,Mottramite,mottramite,10,Phosphates_arsenates_vanadates,Phosphates_other,Cu_bearing
Thaumasite,Thaumasite,thaumasite,10,Carbonates_nitrates,Carbonates,
Naumannite,Naumannite,naumannite,10,Sulfides_and_analogues,Sulfides_misc,Ag_bearing
Antimony,Antimony,antimony,10,Native_elements,Native_elements_misc,
Stannoidite,Stannoidite,stannoidite,10,Sulfides_and_analogues,Cu_sulfides_other,Cu_bearing
Niggliite,Niggliite,niggliite,9,Native_elements,PGE_alloys_intermetallics,
Iodargyrite,Iodargyrite,iodargyrite,9,Halides,Halides_other,Ag_bearing
Siderotil,Siderotil,siderotil,9,Sulfates_chromates_molybdates_tungstates,Sulfates_other,
Pyrosmalite-(Fe),Pyrosmalite,pyrosmalite,9,Silicates,Other_silicates,
Rozenite,Rozenite,rozenite,9,Sulfates_chromates_molybdates_tungstates,Sulfates_other,
Voltaite,Voltaite,voltaite,9,Sulfates_chromates_molybdates_tungstates,Sulfates_other,
Sulvanite,Sulvanite,sulvanite,9,Sulfides_and_analogues,Cu_sulfides_other,Cu_bearing
Hisingerite,Hisingerite,hisingerite,9,Silicates,Other_silicates,
Spherocobaltite,Spherocobaltite,spherocobaltite,9,Carbonates_nitrates,Carbonates,Co_bearing
Serpierite,Serpierite,serpierite,9,Sulfates_chromates_molybdates_tungstates,Sulfates_other,Cu_bearing
Maslovite,Maslovite,maslovite,9,Sulfosalts,As_Sb_Bi_sulfosalts,
Empressite,Empressite,empressite,9,Sulfides_and_analogues,Sulfides_misc,Ag_bearing
Wurtzite,Wurtzite,wurtzite,9,Sulfides_and_analogues,Zn_sulfides,
Gibbsite,Gibbsite,gibbsite,9,Oxides_hydroxides,Oxides_misc,
Maghemite,Maghemite,maghemite,9,Oxides_hydroxides,Fe_oxides_hydroxides,
Scorodite,Scorodite,scorodite,9,Sulfates_chromates_molybdates_tungstates,Sulfates_other,
Römerite,Römerite,römerite,9,Sulfates_chromates_molybdates_tungstates,Sulfates_other,
Spangolite,Spangolite,spangolite,9,Sulfates_chromates_molybdates_tungstates,Sulfates_other,Cu_bearing
Tsumoite,Tsumoite,tsumoite,9,Sulfosalts,As_Sb_Bi_sulfosalts,
Pilsenite,Pilsenite,pilsenite,9,Sulfosalts,As_Sb_Bi_sulfosalts,
Gedrite,Gedrite,gedrite,8,Silicates,Other_silicates,
Domeykite,Domeykite,domeykite,8,Sulfides_and_analogues,Cu_sulfides_other,Cu_bearing
Safflorite,Safflorite,safflorite,8,Sulfides_and_analogues,Ni_Co_sulfides_arsenides,Co_bearing
Chalcophyllite,Chalcophyllite,chalcophyllite,8,Sulfates_chromates_molybdates_tungstates,Sulfates_other,Cu_bearing
Magnesio-hornblende,Magnesio-hornblende,magnesio-hornblende,8,Silicates,Other_silicates,
Germanite,Germanite,germanite,8,Sulfides_and_analogues,Cu_sulfides_other,Cu_bearing
Chrysotile,Chrysotile,chrysotile,8,Silicates,Other_silicates,
Natrolite,Natrolite,natrolite,8,Silicates,Other_silicates,
Alloclasite,Alloclasite,alloclasite,8,Sulfosalts,Ni_Co_sulfides_arsenides,Co_bearing
Bonattite,Bonattite,bonattite,8,Sulfates_chromates_molybdates_tungstates,Sulfates_other,Cu_bearing
Hedleyite,Hedleyite,hedleyite,8,Sulfosalts,As_Sb_Bi_sulfosalts,
Laitakarite,Laitakarite,laitakarite,8,Sulfosalts,As_Sb_Bi_sulfosalts,
Brucite,Brucite,brucite,8,Oxides_hydroxides,Oxides_misc,
Allargentum,Allargentum,allargentum,8,Sulfides_and_analogues,As_Sb_Bi_sulfosalts,Ag_bearing
Wavellite,Wavellite,wavellite,8,Phosphates_arsenates_vanadates,Phosphates_other,
Fluorapophyllite-(K),Fluorapophyllite,fluorapophyllite,8,Halides,Halides_fluorite,
Szomolnokite,Szomolnokite,szomolnokite,8,Sulfates_chromates_molybdates_tungstates,Sulfates_other,
Natroalunite,Natroalunite,natroalunite,8,Sulfates_chromates_molybdates_tungstates,Sulfates_other,
Atokite,Atokite,atokite,7,Native_elements,PGE_alloys_intermetallics,
Descloizite,Descloizite,descloizite,7,Phosphates_arsenates_vanadates,Phosphates_other,
Manganite,Manganite,manganite,7,Oxides_hydroxides,Mn_oxides,
Vanadinite,Vanadinite,vanadinite,7,Phosphates_arsenates_vanadates,Phosphates_other,
Spionkopite,Spionkopite,spionkopite,7,Sulfides_and_analogues,Cu_sulfides_other,Cu_bearing
Awaruite,Awaruite,awaruite,7,Native_elements,PGE_alloys_intermetallics,Ni_bearing
Clinoatacamite,Clinoatacamite,clinoatacamite,7,Halides,Halides_other,Cu_bearing
Sylvite,Sylvite,sylvite,7,Halides,Halides_other,
Ullmannite,Ullmannite,ullmannite,7,Sulfosalts,Ni_Co_sulfides_arsenides,Ni_bearing
Gerhardtite,Gerhardtite,gerhardtite,7,Carbonates_nitrates,Cu_carbonates_silicates,Cu_bearing
Hydroxylapatite,Hydroxylapatite,hydroxylapatite,7,Phosphates_arsenates_vanadates,Phosphates_apatite,
Tamarugite,Tamarugite,tamarugite,7,Sulfates_chromates_molybdates_tungstates,Sulfates_other,
Leucophosphite,Leucophosphite,leucophosphite,7,Phosphates_arsenates_vanadates,Phosphates_other,
Seligmannite,Seligmannite,seligmannite,7,Sulfosalts,Cu_sulfides_other,Cu_bearing
Cacoxenite,Cacoxenite,cacoxenite,7,Phosphates_arsenates_vanadates,Phosphates_other,
Betekhtinite,Betekhtinite,betekhtinite,7,Sulfides_and_analogues,Cu_sulfides_other,Cu_bearing
Plumbogummite,Plumbogummite,plumbogummite,7,Phosphates_arsenates_vanadates,Phosphates_other,
Rammelsbergite,Rammelsbergite,rammelsbergite,7,Sulfides_and_analogues,Ni_Co_sulfides_arsenides,Ni_bearing
Sobolevskite,Sobolevskite,sobolevskite,7,Sulfides_and_analogues,As_Sb_Bi_sulfosalts,
Duftite,Duftite,duftite,7,Sulfates_chromates_molybdates_tungstates,Sulfates_other,Cu_bearing
Palygorskite,Palygorskite,palygorskite,7,Silicates,Other_silicates,
Talnakhite,Talnakhite,talnakhite,7,Sulfides_and_analogues,Cu_sulfides_other,Cu_bearing
Palladium,Palladium,palladium,7,Native_elements,PGE_alloys_intermetallics,
Pargasite,Pargasite,pargasite,7,Silicates,Other_silicates,
Autunite,Autunite,autunite,7,Phosphates_arsenates_vanadates,Phosphates_other,U_Th_indicator
Chalcoalumite,Chalcoalumite,chalcoalumite,7,Sulfates_chromates_molybdates_tungstates,Sulfates_other,Cu_bearing
Pickeringite,Pickeringite,pickeringite,7,Sulfates_chromates_molybdates_tungstates,Sulfates_other,
Fibroferrite,Fibroferrite,fibroferrite,7,Sulfates_chromates_molybdates_tungstates,Sulfates_other,
Yarrowite,Yarrowite,yarrowite,6,Sulfides_and_analogues,Cu_sulfides_other,Cu_bearing
Rhomboclase,Rhomboclase,rhomboclase,6,Sulfates_chromates_molybdates_tungstates,Sulfates_other,
Chondrodite,Chondrodite,chondrodite,6,Halides,Halides_fluorite,
Geocronite,Geocronite,geocronite,6,Sulfosalts,Pb_sulfides,
Harmotome,Harmotome,harmotome,6,Silicates,Other_silicates,
Thorianite,Thorianite,thorianite,6,Oxides_hydroxides,Oxides_misc,U_Th_indicator
Geerite,Geerite,geerite,6,Sulfides_and_analogues,Cu_sulfides_other,Cu_bearing
Rucklidgeite,Rucklidgeite,rucklidgeite,6,Sulfosalts,Pb_sulfides,
Baddeleyite,Baddeleyite,baddeleyite,6,Oxides_hydroxides,Oxides_misc,
Greenalite,Greenalite,greenalite,6,Silicates,Other_silicates,
Braunite,Braunite,braunite,6,Silicates,Other_silicates,
Hydrozincite,Hydrozincite,hydrozincite,6,Carbonates_nitrates,Carbonates,
Chalcosiderite,Chalcosiderite,chalcosiderite,6,Phosphates_arsenates_vanadates,Phosphates_other,Cu_bearing
Nisbite,Nisbite,nisbite,6,Sulfides_and_analogues,Ni_Co_sulfides_arsenides,Ni_bearing
Nukundamite,Nukundamite,nukundamite,6,Sulfides_and_analogues,Cu_sulfides_other,Cu_bearing
Smythite,Smythite,smythite,6,Sulfides_and_analogues,Ni_Co_sulfides_arsenides,Ni_bearing
Vysotskite,Vysotskite,vysotskite,6,Sulfides_and_analogues,Sulfides_misc,
Mertieite,Mertieite,mertieite,6,Sulfides_and_analogues,Ni_Co_sulfides_arsenides,
Paolovite,Paolovite,paolovite,6,Native_elements,PGE_alloys_intermetallics,
Rustenburgite,Rustenburgite,rustenburgite,6,Native_elements,PGE_alloys_intermetallics,
Butlerite,Butlerite,butlerite,6,Sulfates_chromates_molybdates_tungstates,Sulfates_other,
Chenevixite,Chenevixite,chenevixite,6,Sulfates_chromates_molybdates_tungstates,Sulfates_other,Cu_bearing
Okenite,Okenite,okenite,6,Silicates,Other_silicates,
Chloritoid,Chloritoid,chloritoid,6,Silicates,Other_silicates,
Jordanite,Jordanite,jordanite,6,Sulfosalts,Pb_sulfides,
Uranophane,Uranophane,uranophane,6,Silicates,Other_silicates,U_Th_indicator
Cryptomelane,Cryptomelane,cryptomelane,6,Oxides_hydroxides,Mn_oxides,
Frohbergite,Frohbergite,frohbergite,6,Sulfides_and_analogues,Sulfides_misc,
Alabandite,Alabandite,alabandite,6,Sulfides_and_analogues,Sulfides_misc,
Tyrolite,Tyrolite,tyrolite,6,Carbonates_nitrates,Cu_carbonates_silicates,Cu_bearing
Bismutite,Bismutite,bismutite,6,Carbonates_nitrates,Carbonates,
Bastnäsite-(Ce),Bastnäsite,bastnäsite,6,Carbonates_nitrates,Carbonates,REE_indicator
Ferberite,Ferberite,ferberite,6,Sulfates_chromates_molybdates_tungstates,Sulfates_other,
Eriochalcite,Eriochalcite,eriochalcite,6,Halides,Halides_other,Cu_bearing
Testibiopalladite,Testibiopalladite,testibiopalladite,6,Native_elements,PGE_alloys_intermetallics,
Posnjakite,Posnjakite,posnjakite,6,Sulfates_chromates_molybdates_tungstates,Sulfates_other,Cu_bearing
Ferrihydrite,Ferrihydrite,ferrihydrite,6,Oxides_hydroxides,Fe_oxides_hydroxides,
Ferrosilite,Ferrosilite,ferrosilite,5,Silicates,Other_silicates,
Lead,Lead,lead,5,Native_elements,Native_elements_misc,
Berthierite,Berthierite,berthierite,5,Sulfosalts,As_Sb_Bi_sulfosalts,
Insizwaite,Insizwaite,insizwaite,5,Sulfides_and_analogues,As_Sb_Bi_sulfosalts,
Geversite,Geversite,geversite,5,Sulfides_and_analogues,As_Sb_Bi_sulfosalts,
Joséite-B,Joséite-B,joséite-b,5,Sulfosalts,As_Sb_Bi_sulfosalts,
Kobellite,Kobellite,kobellite,5,Sulfosalts,Cu_sulfides_other,Cu_bearing
Crandallite,Crandallite,crandallite,5,Phosphates_arsenates_vanadates,Phosphates_other,
Godlevskite,Godlevskite,godlevskite,5,Sulfides_and_analogues,Ni_Co_sulfides_arsenides,Ni_bearing
Isoferroplatinum,Isoferroplatinum,isoferroplatinum,5,Native_elements,PGE_alloys_intermetallics,
Ulvöspinel,Ulvöspinel,ulvöspinel,5,Oxides_hydroxides,Fe_oxides_hydroxides,
Hinsdalite,Hinsdalite,hinsdalite,5,Sulfates_chromates_molybdates_tungstates,Sulfates_other,
Chlorapatite,Chlorapatite,chlorapatite,5,Phosphates_arsenates_vanadates,Phosphates_apatite,
Volborthite,Volborthite,volborthite,5,Oxides_hydroxides,Cu_oxides,Cu_bearing
Shattuckite,Shattuckite,shattuckite,5,Silicates,Other_silicates,Cu_bearing
Chalcostibite,Chalcostibite,chalcostibite,5,Sulfosalts,Cu_sulfides_other,Cu_bearing
Tetrahedrite-(Zn),Tetrahedrite,tetrahedrite,5,Sulfosalts,Cu_sulfides_other,Cu_bearing
Sternbergite,Sternbergite,sternbergite,5,Sulfides_and_analogues,Sulfides_misc,Ag_bearing
Renierite,Renierite,renierite,5,Sulfosalts,Cu_sulfides_other,Cu_bearing
Zvyagintsevite,Zvyagintsevite,zvyagintsevite,5,Native_elements,PGE_alloys_intermetallics,
Celadonite,Celadonite,celadonite,5,Silicates,Other_silicates,
Fornacite,Fornacite,fornacite,5,Sulfates_chromates_molybdates_tungstates,Sulfates_other,Cu_bearing
Kröhnkite,Kröhnkite,kröhnkite,5,Sulfates_chromates_molybdates_tungstates,Sulfates_other,Cu_bearing
Osarizawaite,Osarizawaite,osarizawaite,5,Sulfates_chromates_molybdates_tungstates,Sulfates_other,Cu_bearing
Cuprosklodowskite,Cuprosklodowskite,cuprosklodowskite,5,Silicates,Other_silicates,Cu_bearing;U_Th_indicator
Ilvaite,Ilvaite,ilvaite,5,Silicates,Other_silicates,
Caledonite,Caledonite,caledonite,5,Carbonates_nitrates,Cu_carbonates_silicates,Cu_bearing
Gunningite,Gunningite,gunningite,5,Sulfates_chromates_molybdates_tungstates,Sulfates_other,
Isomertieite,Isomertieite,isomertieite,5,Sulfides_and_analogues,Ni_Co_sulfides_arsenides,
Kasolite,Kasolite,kasolite,5,Silicates,Other_silicates,U_Th_indicator
Stellerite,Stellerite,stellerite,5,Silicates,Other_silicates,
Lavendulan,Lavendulan,lavendulan,5,Sulfates_chromates_molybdates_tungstates,Sulfates_other,Cu_bearing
Lindgrenite,Lindgrenite,lindgrenite,5,Oxides_hydroxides,Cu_oxides,Cu_bearing;Mo_bearing
Magnesio-hastingsite,Magnesio-hastingsite,magnesio-hastingsite,5,Silicates,Other_silicates,
Claringbullite,Claringbullite,claringbullite,5,Halides,Halides_fluorite,Cu_bearing
Cornwallite,Cornwallite,cornwallite,5,Sulfates_chromates_molybdates_tungstates,Sulfates_other,Cu_bearing
Scolecite,Scolecite,scolecite,5,Silicates,Other_silicates,
Hydroxyapophyllite-(K),Hydroxyapophyllite,hydroxyapophyllite,5,Halides,Halides_fluorite,
Pharmacosiderite,Pharmacosiderite,pharmacosiderite,5,Sulfates_chromates_molybdates_tungstates,Sulfates_other,
Stilbite-Ca,Stilbite-Ca,stilbite-ca,5,Silicates,Other_silicates,
Vermiculite,Vermiculite,vermiculite,5,Silicates,Other_silicates,
Mckinstryite,Mckinstryite,mckinstryite,5,Sulfides_and_analogues,Cu_sulfides_other,Ag_bearing;Cu_bearing
Strontianite,Strontianite,strontianite,5,Carbonates_nitrates,Carbonates,
Sanidine,Sanidine,sanidine,5,Silicates,Other_silicates,
Dumortierite,Dumortierite,dumortierite,5,Silicates,Other_silicates,
Jalpaite,Jalpaite,jalpaite,5,Sulfides_and_analogues,Cu_sulfides_other,Ag_bearing;Cu_bearing
Tetraferroplatinum,Tetraferroplatinum,tetraferroplatinum,5,Native_elements,PGE_alloys_intermetallics,
Sepiolite,Sepiolite,sepiolite,5,Silicates,Other_silicates,
Cattierite,Cattierite,cattierite,5,Sulfides_and_analogues,Ni_Co_sulfides_arsenides,Co_bearing
Perovskite,Perovskite,perovskite,5,Oxides_hydroxides,Ti_oxides,
Starkeyite,Starkeyite,starkeyite,5,Sulfates_chromates_molybdates_tungstates,Sulfates_other,
Nantokite,Nantokite,nantokite,5,Halides,Halides_other,Cu_bearing
Mooihoekite,Mooihoekite,mooihoekite,5,Sulfides_and_analogues,Cu_sulfides_other,Cu_bearing
Boothite,Boothite,boothite,5,Sulfates_chromates_molybdates_tungstates,Sulfates_other,Cu_bearing
Allanite-(Ce),Allanite,allanite,5,Silicates,Other_silicates,REE_indicator
Sampleite,Sampleite,sampleite,5,Phosphates_arsenates_vanadates,Phosphates_other,Cu_bearing
Botryogen,Botryogen,botryogen,5,Sulfates_chromates_molybdates_tungstates,Sulfates_other,
Bohdanowiczite,Bohdanowiczite,bohdanowiczite,5,Sulfosalts,As_Sb_Bi_sulfosalts,Ag_bearing
Roxbyite,Roxbyite,roxbyite,5,Sulfides_and_analogues,Cu_sulfides_other,Cu_bearing
Blödite,Blödite,blödite,4,Sulfates_chromates_molybdates_tungstates,Sulfates_other,
Vandenbrandeite,Vandenbrandeite,vandenbrandeite,4,Oxides_hydroxides,Cu_oxides,Cu_bearing;U_Th_indicator
Hydroniumjarosite,Hydroniumjarosite,hydroniumjarosite,4,Sulfates_chromates_molybdates_tungstates,Sulfates_other,
Thomsonite-Ca,Thomsonite-Ca,thomsonite-ca,4,Silicates,Other_silicates,
Berzelianite,Berzelianite,berzelianite,4,Sulfides_and_analogues,Cu_sulfides_other,Cu_bearing
Arsenolite,Arsenolite,arsenolite,4,Oxides_hydroxides,Oxides_misc,
Monticellite,Monticellite,monticellite,4,Silicates,Other_silicates,
Stannopalladinite,Stannopalladinite,stannopalladinite,4,Native_elements,PGE_alloys_intermetallics,
Natrodufrénite,Natrodufrénite,natrodufrénite,4,Phosphates_arsenates_vanadates,Phosphates_other,
Vinciennite,Vinciennite,vinciennite,4,Sulfosalts,Cu_sulfides_other,Cu_bearing
Sklodowskite,Sklodowskite,sklodowskite,4,Silicates,Other_silicates,U_Th_indicator
Soddyite,Soddyite,soddyite,4,Silicates,Other_silicates,U_Th_indicator
Klockmannite,Klockmannite,klockmannite,4,Sulfides_and_analogues,Cu_sulfides_other,Cu_bearing
Palladoarsenide,Palladoarsenide,palladoarsenide,4,Sulfides_and_analogues,Ni_Co_sulfides_arsenides,
Corkite,Corkite,corkite,4,Sulfates_chromates_molybdates_tungstates,Sulfates_other,
Sideronatrite,Sideronatrite,sideronatrite,4,Sulfates_chromates_molybdates_tungstates,Sulfates_other,
Fayalite,Fayalite,fayalite,4,Silicates,Other_silicates,
Todorokite,Todorokite,todorokite,4,Oxides_hydroxides,Mn_oxides,
Clinoclase,Clinoclase,clinoclase,4,Sulfates_chromates_molybdates_tungstates,Sulfates_other,Cu_bearing
Borovskite,Borovskite,borovskite,4,Sulfosalts,As_Sb_Bi_sulfosalts,
Annite,Annite,annite,4,Silicates,Other_silicates,
Kochkarite,Kochkarite,kochkarite,4,Sulfosalts,Pb_sulfides,
Ferro-edenite,Ferro-edenite,ferro-edenite,4,Silicates,Other_silicates,
Strengite,Strengite,strengite,4,Phosphates_arsenates_vanadates,Phosphates_other,
Likasite,Likasite,likasite,4,Carbonates_nitrates,Cu_carbonates_silicates,Cu_bearing
Selenium,Selenium,selenium,4,Native_elements,Native_elements_misc,
Aurostibite,Aurostibite,aurostibite,4,Sulfides_and_analogues,As_Sb_Bi_sulfosalts,Au_bearing
Annabergite,Annabergite,annabergite,4,Sulfates_chromates_molybdates_tungstates,Sulfates_other,Ni_bearing
Beryl,Beryl,beryl,4,Silicates,Other_silicates,
Ludwigite,Ludwigite,ludwigite,4,Borates,Borates,
Humite,Humite,humite,4,Halides,Halides_fluorite,
Hydrobiotite,Hydrobiotite,hydrobiotite,4,Silicates,Other_silicates,
Retgersite,Retgersite,retgersite,4,Sulfates_chromates_molybdates_tungstates,Sulfates_other,Ni_bearing
Algodonite,Algodonite,algodonite,4,Sulfides_and_analogues,Cu_sulfides_other,Cu_bearing
Thénardite,Thénardite,thénardite,4,Sulfates_chromates_molybdates_tungstates,Sulfates_other,
Axinite-(Fe),Axinite,axinite,4,Silicates,Other_silicates,
Clintonite,Clintonite,clintonite,4,Silicates,Other_silicates,
Coronadite,Coronadite,coronadite,4,Oxides_hydroxides,Mn_oxides,
Kësterite,Kësterite,kësterite,4,Sulfides_and_analogues,Cu_sulfides_other,Cu_bearing
Naldrettite,Naldrettite,naldrettite,4,Sulfides_and_analogues,As_Sb_Bi_sulfosalts,
Sopcheite,Sopcheite,sopcheite,4,Sulfides_and_analogues,Sulfides_misc,Ag_bearing
Muthmannite,Muthmannite,muthmannite,4,Sulfides_and_analogues,Sulfides_misc,Ag_bearing;Au_bearing
Hydrohalloysite,Hydrohalloysite,hydrohalloysite,4,Silicates,Other_silicates,
Sudoite,Sudoite,sudoite,4,Silicates,Other_silicates,
Palladinite,Palladinite,palladinite,3,Oxides_hydroxides,Oxides_misc,
Agardite-(Y),Agardite,agardite,3,Sulfates_chromates_molybdates_tungstates,Sulfates_other,Cu_bearing;REE_indicator
Kawazulite,Kawazulite,kawazulite,3,Sulfosalts,As_Sb_Bi_sulfosalts,
Eucairite,Eucairite,eucairite,3,Sulfides_and_analogues,Cu_sulfides_other,Ag_bearing;Cu_bearing
Iowaite,Iowaite,iowaite,3,Halides,Halides_other,
Hawleyite,Hawleyite,hawleyite,3,Sulfides_and_analogues,Sulfides_misc,
Zinkenite,Zinkenite,zinkenite,3,Sulfosalts,Pb_sulfides,
Ferro-hornblende,Ferro-hornblende,ferro-hornblende,3,Silicates,Other_silicates,
Langite,Langite,langite,3,Sulfates_chromates_molybdates_tungstates,Sulfates_other,Cu_bearing
Schulenbergite,Schulenbergite,schulenbergite,3,Sulfates_chromates_molybdates_tungstates,Sulfates_other,Cu_bearing
Ferrinatrite,Ferrinatrite,ferrinatrite,3,Sulfates_chromates_molybdates_tungstates,Sulfates_other,
Kalinite,Kalinite,kalinite,3,Sulfates_chromates_molybdates_tungstates,Sulfates_other,
Edenite,Edenite,edenite,3,Silicates,Other_silicates,
Francevillite,Francevillite,francevillite,3,Phosphates_arsenates_vanadates,Phosphates_other,U_Th_indicator
Clinohumite,Clinohumite,clinohumite,3,Halides,Halides_fluorite,
Metatyuyamunite,Metatyuyamunite,metatyuyamunite,3,Phosphates_arsenates_vanadates,Phosphates_other,U_Th_indicator
Mixite,Mixite,mixite,3,Sulfates_chromates_molybdates_tungstates,Sulfates_other,Cu_bearing
Dolerophanite,Dolerophanite,dolerophanite,3,Sulfates_chromates_molybdates_tungstates,Sulfates_other,Cu_bearing
Synchysite-(Ce),Synchysite,synchysite,3,Carbonates_nitrates,Carbonates,REE_indicator
Hydromagnesite,Hydromagnesite,hydromagnesite,3,Carbonates_nitrates,Carbonates,
Arsenopalladinite,Arsenopalladinite,arsenopalladinite,3,Sulfides_and_analogues,Ni_Co_sulfides_arsenides,
Temagamite,Temagamite,temagamite,3,Sulfides_and_analogues,Sulfides_misc,
Pekoite,Pekoite,pekoite,3,Sulfosalts,Cu_sulfides_other,Cu_bearing
Crocoite,Crocoite,crocoite,3,Sulfates_chromates_molybdates_tungstates,Sulfates_other,
Bastnäsite-(La),Bastnäsite,bastnäsite,3,Carbonates_nitrates,Carbonates,REE_indicator
Djerfisherite,Djerfisherite,djerfisherite,3,Halides,Halides_other,Cu_bearing;Ni_bearing
Stringhamite,Stringhamite,stringhamite,3,Silicates,Other_silicates,Cu_bearing
Riebeckite,Riebeckite,riebeckite,3,Silicates,Other_silicates,
Tiemannite,Tiemannite,tiemannite,3,Sulfides_and_analogues,Sulfides_misc,
Willemite,Willemite,willemite,3,Silicates,Other_silicates,
Buttgenbachite,Buttgenbachite,buttgenbachite,3,Halides,Halides_other,Cu_bearing
Diaphorite,Diaphorite,diaphorite,3,Sulfosalts,Pb_sulfides,Ag_bearing
Polarite,Polarite,polarite,3,Sulfides_and_analogues,Pb_sulfides,
Cuprocopiapite,Cuprocopiapite,cuprocopiapite,3,Sulfates_chromates_molybdates_tungstates,Sulfates_other,Cu_bearing
Krupkaite,Krupkaite,krupkaite,3,Sulfosalts,Cu_sulfides_other,Cu_bearing
Ktenasite,Ktenasite,ktenasite,3,Sulfates_chromates_molybdates_tungstates,Sulfates_other,Cu_bearing
Minnesotaite,Minnesotaite,minnesotaite,3,Silicates,Other_silicates,
Botallackite,Botallackite,botallackite,3,Halides,Halides_other,Cu_bearing
Umangite,Umangite,umangite,3,Sulfides_and_analogues,Cu_sulfides_other,Cu_bearing
Hauchecornite,Hauchecornite,hauchecornite,3,Sulfosalts,Ni_Co_sulfides_arsenides,Ni_bearing
Metazeunerite,Metazeunerite,metazeunerite,3,Sulfates_chromates_molybdates_tungstates,Sulfates_other,Cu_bearing;U_Th_indicator
Chalcomenite,Chalcomenite,chalcomenite,3,Sulfides_and_analogues,Cu_sulfides_other,Cu_bearing
Metavoltine,Metavoltine,metavoltine,3,Sulfates_chromates_molybdates_tungstates,Sulfates_other,
Morenosite,Morenosite,morenosite,3,Sulfates_chromates_molybdates_tungstates,Sulfates_other,Ni_bearing
Curite,Curite,curite,3,Oxides_hydroxides,Oxides_misc,U_Th_indicator
Majakite,Majakite,majakite,3,Sulfides_and_analogues,Ni_Co_sulfides_arsenides,Ni_bearing
Hibbingite,Hibbingite,hibbingite,3,Halides,Halides_other,
Osmium,Osmium,osmium,3,Native_elements,Native_elements_misc,
Meionite,Meionite,meionite,3,Carbonates_nitrates,Carbonates,
Carnotite,Carnotite,carnotite,3,Phosphates_arsenates_vanadates,Phosphates_other,U_Th_indicator
Asbolane,Asbolane,asbolane,3,Oxides_hydroxides,Mn_oxides,Co_bearing;Ni_bearing
Euchroite,Euchroite,euchroite,3,Sulfates_chromates_molybdates_tungstates,Sulfates_other,Cu_bearing
Stevensite,Stevensite,stevensite,3,Silicates,Other_silicates,
Bayldonite,Bayldonite,bayldonite,3,Oxides_hydroxides,Cu_oxides,Cu_bearing
Pyrophanite,Pyrophanite,pyrophanite,3,Oxides_hydroxides,Ti_oxides,
Metacinnabar,Metacinnabar,metacinnabar,3,Sulfides_and_analogues,Sulfides_misc,
Wupatkiite,Wupatkiite,wupatkiite,3,Sulfates_chromates_molybdates_tungstates,Sulfates_other,Co_bearing
Cristobalite,Cristobalite,cristobalite,3,Silicates,Other_silicates,
Berthierine,Berthierine,berthierine,3,Silicates,Other_silicates,
Mordenite,Mordenite,mordenite,3,Silicates,Other_silicates,
Haycockite,Haycockite,haycockite,3,Sulfides_and_analogues,Cu_sulfides_other,Cu_bearing
Datolite,Datolite,datolite,3,Silicates,Other_silicates,
Nuffieldite,Nuffieldite,nuffieldite,3,Sulfosalts,Cu_sulfides_other,Cu_bearing
Ferricopiapite,Ferricopiapite,ferricopiapite,3,Sulfates_chromates_molybdates_tungstates,Sulfates_other,
Telargpalite,Telargpalite,telargpalite,3,Sulfides_and_analogues,Sulfides_misc,Ag_bearing
Cervelleite,Cervelleite,cervelleite,3,Sulfides_and_analogues,Sulfides_misc,Ag_bearing
Chalcophanite,Chalcophanite,chalcophanite,3,Oxides_hydroxides,Mn_oxides,
Akaganeite,Akaganeite,akaganeite,3,Halides,Halides_other,Ni_bearing
Treasurite,Treasurite,treasurite,3,Sulfosalts,Pb_sulfides,Ag_bearing
Periclase,Periclase,periclase,3,Oxides_hydroxides,Oxides_misc,
Mallardite,Mallardite,mallardite,3,Sulfates_chromates_molybdates_tungstates,Sulfates_other,
Fukuchilite,Fukuchilite,fukuchilite,3,Sulfides_and_analogues,Cu_sulfides_other,Cu_bearing
Schwertmannite,Schwertmannite,schwertmannite,3,Sulfates_chromates_molybdates_tungstates,Sulfates_other,
Argyrodite,Argyrodite,argyrodite,3,Sulfides_and_analogues,Sulfides_misc,Ag_bearing
Meurigite-K,Meurigite-K,meurigite-k,3,Phosphates_arsenates_vanadates,Phosphates_other,
Gyrolite,Gyrolite,gyrolite,3,Silicates,Other_silicates,
Tschermakite,Tschermakite,tschermakite,3,Silicates,Other_silicates,
Parabutlerite,Parabutlerite,parabutlerite,3,Sulfates_chromates_molybdates_tungstates,Sulfates_other,
Hausmannite,Hausmannite,hausmannite,3,Oxides_hydroxides,Mn_oxides,
Bismoclite,Bismoclite,bismoclite,3,Halides,Halides_other,
Argentojarosite,Argentojarosite,argentojarosite,3,Sulfates_chromates_molybdates_tungstates,Sulfates_other,Ag_bearing
Roquesite,Roquesite,roquesite,3,Sulfides_and_analogues,Cu_sulfides_other,Cu_bearing
Gaspéite,Gaspéite,gaspéite,3,Carbonates_nitrates,Carbonates,Ni_bearing
Kiddcreekite,Kiddcreekite,kiddcreekite,3,Sulfides_and_analogues,Cu_sulfides_other,Cu_bearing
Izoklakeite,Izoklakeite,izoklakeite,3,Sulfosalts,Cu_sulfides_other,Cu_bearing
Guanajuatite,Guanajuatite,guanajuatite,3,Sulfosalts,As_Sb_Bi_sulfosalts,
Bianchite,Bianchite,bianchite,3,Sulfates_chromates_molybdates_tungstates,Sulfates_other,
Maldonite,Maldonite,maldonite,3,Sulfides_and_analogues,As_Sb_Bi_sulfosalts,Au_bearing
Tin,Tin,tin,3,Native_elements,Native_elements_misc,
Cerianite-(Ce),Cerianite,cerianite,3,Oxides_hydroxides,Oxides_misc,REE_indicator
Corrensite,Corrensite,corrensite,3,Silicates,Other_silicates,
Adamite,Adamite,adamite,3,Sulfates_chromates_molybdates_tungstates,Sulfates_other,
Montbrayite,Montbrayite,montbrayite,3,Sulfosalts,Pb_sulfides,Ag_bearing;Au_bearing
Amesite,Amesite,amesite,3,Silicates,Other_silicates,
Schreyerite,Schreyerite,schreyerite,3,Oxides_hydroxides,Ti_oxides,
Roscoelite,Roscoelite,roscoelite,3,Silicates,Other_silicates,
Aguilarite,Aguilarite,aguilarite,3,Sulfides_and_analogues,Sulfides_misc,Ag_bearing
Florencite-(Ce),Florencite,florencite,3,Phosphates_arsenates_vanadates,REE_accessory,REE_indicator
Bernalite,Bernalite,bernalite,2,Oxides_hydroxides,Fe_oxides_hydroxides,
Nagyágite,Nagyágite,nagyágite,2,Sulfosalts,Pb_sulfides,Au_bearing
Uytenbogaardtite,Uytenbogaardtite,uytenbogaardtite,2,Sulfides_and_analogues,Sulfides_misc,Ag_bearing;Au_bearing
Iridium,Iridium,iridium,2,Native_elements,Native_elements_misc,
Westerveldite,Westerveldite,westerveldite,2,Sulfides_and_analogues,Ni_Co_sulfides_arsenides,
Tochilinite,Tochilinite,tochilinite,2,Sulfides_and_analogues,Sulfides_misc,
Stichtite,Stichtite,stichtite,2,Carbonates_nitrates,Carbonates,
Pyroaurite,Pyroaurite,pyroaurite,2,Carbonates_nitrates,Carbonates,
Népouite,Népouite,népouite,2,Silicates,Other_silicates,Ni_bearing
Taimyrite,Taimyrite,taimyrite,2,Native_elements,PGE_alloys_intermetallics,Cu_bearing
Stumpflite,Stumpflite,stumpflite,2,Sulfides_and_analogues,As_Sb_Bi_sulfosalts,
Vandendriesscheite,Vandendriesscheite,vandendriesscheite,2,Oxides_hydroxides,Oxides_misc,U_Th_indicator
Stilbite-Na,Stilbite-Na,stilbite-na,2,Silicates,Other_silicates,
Kinoite,Kinoite,kinoite,2,Silicates,Other_silicates,Cu_bearing
Schuilingite-(Nd),Schuilingite,schuilingite,2,Carbonates_nitrates,Cu_carbonates_silicates,Cu_bearing;REE_indicator
Picropharmacolite,Picropharmacolite,picropharmacolite,2,Sulfates_chromates_molybdates_tungstates,Sulfates_other,
Austinite,Austinite,austinite,2,Sulfates_chromates_molybdates_tungstates,Sulfates_other,
Callaghanite,Callaghanite,callaghanite,2,Carbonates_nitrates,Cu_carbonates_silicates,Cu_bearing
Takovite,Takovite,takovite,2,Carbonates_nitrates,Carbonates,Ni_bearing
Lillianite,Lillianite,lillianite,2,Sulfosalts,Pb_sulfides,Ag_bearing
Zincolivenite,Zincolivenite,zincolivenite,2,Sulfates_chromates_molybdates_tungstates,Sulfates_other,Cu_bearing
Rickardite,Rickardite,rickardite,2,Sulfides_and_analogues,Cu_sulfides_other,Cu_bearing
Mannardite,Mannardite,mannardite,2,Oxides_hydroxides,Ti_oxides,
Celsian,Celsian,celsian,2,Silicates,Other_silicates,
Barytocalcite,Barytocalcite,barytocalcite,2,Carbonates_nitrates,Carbonates,
Natropharmacosiderite,Natropharmacosiderite,natropharmacosiderite,2,Sulfates_chromates_molybdates_tungstates,Sulfates_other,
Plattnerite,Plattnerite,plattnerite,2,Oxides_hydroxides,Oxides_misc,
Hollandite,Hollandite,hollandite,2,Oxides_hydroxides,Mn_oxides,
Oxy-dravite,Oxy-dravite,oxy-dravite,2,Silicates,Other_silicates,
Watanabeite,Watanabeite,watanabeite,2,Sulfosalts,Cu_sulfides_other,Cu_bearing
Sinnerite,Sinnerite,sinnerite,2,Sulfosalts,Cu_sulfides_other,Cu_bearing
Povondraite,Povondraite,povondraite,2,Silicates,Other_silicates,
Tivanite,Tivanite,tivanite,2,Oxides_hydroxides,Ti_oxides,
Nolanite,Nolanite,nolanite,2,Oxides_hydroxides,Fe_oxides_hydroxides,
Kyzylkumite,Kyzylkumite,kyzylkumite,2,Oxides_hydroxides,Ti_oxides,
Coulsonite,Coulsonite,coulsonite,2,Oxides_hydroxides,Fe_oxides_hydroxides,
Picromerite,Picromerite,picromerite,2,Sulfates_chromates_molybdates_tungstates,Sulfates_other,
Plagionite,Plagionite,plagionite,2,Sulfosalts,Pb_sulfides,
Orthoserpierite,Orthoserpierite,orthoserpierite,2,Sulfates_chromates_molybdates_tungstates,Sulfates_other,Cu_bearing
Tellurantimony,Tellurantimony,tellurantimony,2,Sulfosalts,As_Sb_Bi_sulfosalts,
Fluorwavellite,Fluorwavellite,fluorwavellite,2,Phosphates_arsenates_vanadates,Phosphates_other,
Piemontite,Piemontite,piemontite,2,Silicates,Other_silicates,
Glaucophane,Glaucophane,glaucophane,2,Silicates,Other_silicates,
Giessenite,Giessenite,giessenite,2,Sulfosalts,Cu_sulfides_other,Cu_bearing
Aleksite,Aleksite,aleksite,2,Sulfosalts,Pb_sulfides,
Gehlenite,Gehlenite,gehlenite,2,Silicates,Other_silicates,
Skippenite,Skippenite,skippenite,2,Sulfosalts,As_Sb_Bi_sulfosalts,
Canfieldite,Canfieldite,canfieldite,2,Sulfides_and_analogues,Sulfides_misc,Ag_bearing
Miharaite,Miharaite,miharaite,2,Sulfosalts,Cu_sulfides_other,Cu_bearing
Heulandite-Ca,Heulandite-Ca,heulandite-ca,2,Silicates,Other_silicates,
Witherite,Witherite,witherite,2,Carbonates_nitrates,Carbonates,
Costibite,Costibite,costibite,2,Sulfosalts,Ni_Co_sulfides_arsenides,Co_bearing
Deerite,Deerite,deerite,2,Silicates,Other_silicates,
Aegirine,Aegirine,aegirine,2,Silicates,Other_silicates,
Gorceixite,Gorceixite,gorceixite,2,Phosphates_arsenates_vanadates,Phosphates_other,
Rheniite,Rheniite,rheniite,2,Sulfides_and_analogues,Sulfides_misc,
Semseyite,Semseyite,semseyite,2,Sulfosalts,Pb_sulfides,
Massicot,Massicot,massicot,2,Oxides_hydroxides,Oxides_misc,
Faustite,Faustite,faustite,2,Phosphates_arsenates_vanadates,Phosphates_other,
Brookite,Brookite,brookite,2,Oxides_hydroxides,Ti_oxides,
Miargyrite,Miargyrite,miargyrite,2,Sulfosalts,As_Sb_Bi_sulfosalts,Ag_bearing
Junoite,Junoite,junoite,2,Sulfosalts,Cu_sulfides_other,Cu_bearing
Herbertsmithite,Herbertsmithite,herbertsmithite,2,Halides,Halides_other,Cu_bearing
Greigite,Greigite,greigite,2,Sulfides_and_analogues,Sulfides_misc,
Bischofite,Bischofite,bischofite,2,Halides,Halides_other,
Dietrichite,Dietrichite,dietrichite,2,Sulfates_chromates_molybdates_tungstates,Sulfates_other,
Moorhouseite,Moorhouseite,moorhouseite,2,Sulfates_chromates_molybdates_tungstates,Sulfates_other,Co_bearing
Synchysite-(Y),Synchysite,synchysite,2,Carbonates_nitrates,Carbonates,REE_indicator
Xanthoconite,Xanthoconite,xanthoconite,2,Sulfosalts,Ni_Co_sulfides_arsenides,Ag_bearing
Jacobsite,Jacobsite,jacobsite,2,Oxides_hydroxides,Fe_oxides_hydroxides,
Gladite,Gladite,gladite,2,Sulfosalts,Cu_sulfides_other,Cu_bearing
Mendozavilite-NaCu,Mendozavilite-NaCu,mendozavilite-nacu,2,Oxides_hydroxides,Fe_oxides_hydroxides,Cu_bearing;Mo_bearing
Feruvite,Feruvite,feruvite,2,Silicates,Other_silicates,
Nepheline,Nepheline,nepheline,2,Silicates,Other_silicates,
Dufrénite,Dufrénite,dufrénite,2,Phosphates_arsenates_vanadates,Phosphates_other,
Quenstedtite,Quenstedtite,quenstedtite,2,Sulfates_chromates_molybdates_tungstates,Sulfates_other,
Paracoquimbite,Paracoquimbite,paracoquimbite,2,Sulfates_chromates_molybdates_tungstates,Sulfates_other,
Meta-alunogen,Meta-alunogen,meta-alunogen,2,Sulfates_chromates_molybdates_tungstates,Sulfates_other,
Claudetite,Claudetite,claudetite,2,Oxides_hydroxides,Oxides_misc,
Perroudite,Perroudite,perroudite,2,Halides,Halides_other,Ag_bearing
Vulcanite,Vulcanite,vulcanite,2,Sulfides_and_analogues,Cu_sulfides_other,Cu_bearing
Thortveitite,Thortveitite,thortveitite,2,Silicates,Other_silicates,
Plumbotellurite,Plumbotellurite,plumbotellurite,2,Sulfides_and_analogues,Pb_sulfides,
Hammarite,Hammarite,hammarite,2,Sulfosalts,Cu_sulfides_other,Cu_bearing
Hodrušite,Hodrušite,hodrušite,2,Sulfosalts,Cu_sulfides_other,Cu_bearing
Koechlinite,Koechlinite,koechlinite,2,Oxides_hydroxides,Oxides_misc,Mo_bearing
Mercury,Mercury,mercury,2,Native_elements,Native_elements_misc,
Lautite,Lautite,lautite,2,Sulfosalts,Cu_sulfides_other,Cu_bearing
Weibullite,Weibullite,weibullite,2,Sulfosalts,Pb_sulfides,Ag_bearing
Cymrite,Cymrite,cymrite,2,Silicates,Other_silicates,
Isocubanite,Isocubanite,isocubanite,2,Sulfides_and_analogues,Cu_sulfides_other,Cu_bearing
Variscite,Variscite,variscite,2,Phosphates_arsenates_vanadates,Phosphates_other,
Lazulite,Lazulite,lazulite,2,Phosphates_arsenates_vanadates,Phosphates_other,
Gearksutite,Gearksutite,gearksutite,2,Halides,Halides_fluorite,
Ottrélite,Ottrélite,ottrélite,2,Silicates,Other_silicates,
Pyrosmalite-(Mn),Pyrosmalite,pyrosmalite,2,Silicates,Other_silicates,
Nickelhexahydrite,Nickelhexahydrite,nickelhexahydrite,2,Sulfates_chromates_molybdates_tungstates,Sulfates_other,Ni_bearing
Ferro-tschermakite,Ferro-tschermakite,ferro-tschermakite,2,Silicates,Other_silicates,
Mirabilite,Mirabilite,mirabilite,2,Sulfates_chromates_molybdates_tungstates,Sulfates_other,
Metahohmannite,Metahohmannite,metahohmannite,2,Sulfates_chromates_molybdates_tungstates,Sulfates_other,
Bismite,Bismite,bismite,2,Oxides_hydroxides,Oxides_misc,
Azoproite,Azoproite,azoproite,2,Borates,Borates,
Nickel,Nickel,nickel,2,Native_elements,Native_elements_misc,Ni_bearing
Heyrovskýite,Heyrovskýite,heyrovskýite,2,Sulfosalts,Pb_sulfides,
Arsenohauchecornite,Arsenohauchecornite,arsenohauchecornite,2,Sulfosalts,Ni_Co_sulfides_arsenides,Ni_bearing
Mrázekite,Mrázekite,mrázekite,2,Phosphates_arsenates_vanadates,Phosphates_other,Cu_bearing
Hectorite,Hectorite,hectorite,2,Halides,Halides_fluorite,
Tučekite,Tučekite,tučekite,2,Sulfosalts,Ni_Co_sulfides_arsenides,Ni_bearing
Billietite,Billietite,billietite,2,Oxides_hydroxides,Oxides_misc,U_Th_indicator
Becquerelite,Becquerelite,becquerelite,2,Oxides_hydroxides,Oxides_misc,U_Th_indicator
Auricupride,Auricupride,auricupride,2,Native_elements,PGE_alloys_intermetallics,Au_bearing;Cu_bearing
Vincentite,Vincentite,vincentite,2,Sulfides_and_analogues,Ni_Co_sulfides_arsenides,
Palarstanide,Palarstanide,palarstanide,2,Sulfides_and_analogues,Ni_Co_sulfides_arsenides,
Fischesserite,Fischesserite,fischesserite,2,Sulfides_and_analogues,Sulfides_misc,Ag_bearing;Au_bearing
Hübnerite,Hübnerite,hübnerite,2,Sulfates_chromates_molybdates_tungstates,Sulfates_other,
Fluorellestadite,Fluorellestadite,fluorellestadite,2,Sulfates_chromates_molybdates_tungstates,Sulfates_other,
Kurilite,Kurilite,kurilite,2,Sulfides_and_analogues,Sulfides_misc,Ag_bearing
Arthurite,Arthurite,arthurite,2,Sulfates_chromates_molybdates_tungstates,Sulfates_other,Cu_bearing
Chromium,Chromium,chromium,2,Native_elements,Native_elements_misc,
Natrochalcite,Natrochalcite,natrochalcite,2,Sulfates_chromates_molybdates_tungstates,Sulfates_other,Cu_bearing
Calumetite,Calumetite,calumetite,2,Halides,Halides_other,Cu_bearing
Spertiniite,Spertiniite,spertiniite,2,Oxides_hydroxides,Cu_oxides,Cu_bearing
Freieslebenite,Freieslebenite,freieslebenite,2,Sulfosalts,Pb_sulfides,Ag_bearing
Nitrocalcite,Nitrocalcite,nitrocalcite,2,Carbonates_nitrates,Carbonates,
Roubaultite,Roubaultite,roubaultite,2,Carbonates_nitrates,Cu_carbonates_silicates,Cu_bearing;U_Th_indicator
Oosterboschite,Oosterboschite,oosterboschite,2,Sulfides_and_analogues,Cu_sulfides_other,Cu_bearing
Masuyite,Masuyite,masuyite,2,Oxides_hydroxides,Oxides_misc,U_Th_indicator
Kolwezite,Kolwezite,kolwezite,2,Carbonates_nitrates,Cu_carbonates_silicates,Co_bearing;Cu_bearing
Kamotoite-(Y),Kamotoite,kamotoite,2,Carbonates_nitrates,Carbonates,REE_indicator;U_Th_indicator
Tennantite-(Zn),Tennantite,tennantite,2,Sulfosalts,Cu_sulfides_other,Cu_bearing
Carnallite,Carnallite,carnallite,2,Halides,Halides_other,
Paramelaconite,Paramelaconite,paramelaconite,2,Oxides_hydroxides,Cu_oxides,Cu_bearing
Hetaerolite,Hetaerolite,hetaerolite,2,Oxides_hydroxides,Mn_oxides,
Marshite,Marshite,marshite,2,Halides,Halides_other,Cu_bearing
Ferro-gedrite,Ferro-gedrite,ferro-gedrite,2,Silicates,Other_silicates,
Lindströmite,Lindströmite,lindströmite,2,Sulfosalts,Cu_sulfides_other,Cu_bearing
Alpersite,Alpersite,alpersite,2,Sulfates_chromates_molybdates_tungstates,Sulfates_other,
Mendozavilite-NaFe,Mendozavilite-NaFe,mendozavilite-nafe,2,Oxides_hydroxides,Fe_oxides_hydroxides,Mo_bearing
Dienerite,Dienerite,dienerite,2,Sulfides_and_analogues,Ni_Co_sulfides_arsenides,Ni_bearing
Cabriite,Cabriite,cabriite,2,Native_elements,PGE_alloys_intermetallics,Cu_bearing
Studtite,Studtite,studtite,2,Oxides_hydroxides,Oxides_misc,U_Th_indicator
Sengierite,Sengierite,sengierite,2,Phosphates_arsenates_vanadates,Phosphates_other,Cu_bearing;U_Th_indicator
Schoepite,Schoepite,schoepite,2,Oxides_hydroxides,Oxides_misc,U_Th_indicator
Saléeite,Saléeite,saléeite,2,Phosphates_arsenates_vanadates,Phosphates_other,U_Th_indicator
Tobermorite,Tobermorite,tobermorite,2,Silicates,Other_silicates,
Sauconite,Sauconite,sauconite,2,Silicates,Other_silicates,
Metavivianite,Metavivianite,metavivianite,2,Phosphates_arsenates_vanadates,Phosphates_other,
Shadlunite,Shadlunite,shadlunite,2,Sulfides_and_analogues,Cu_sulfides_other,Cu_bearing
Ruarsite,Ruarsite,ruarsite,2,Sulfosalts,Ni_Co_sulfides_arsenides,
Putoranite,Putoranite,putoranite,2,Sulfides_and_analogues,Cu_sulfides_other,Cu_bearing
Plumbopalladinite,Plumbopalladinite,plumbopalladinite,2,Native_elements,PGE_alloys_intermetallics,
Weissite,Weissite,weissite,2,Sulfides_and_analogues,Cu_sulfides_other,Cu_bearing
Kornelite,Kornelite,kornelite,2,Sulfates_chromates_molybdates_tungstates,Sulfates_other,
Hohmannite,Hohmannite,hohmannite,2,Sulfates_chromates_molybdates_tungstates,Sulfates_other,
Chabazite-Ca,Chabazite-Ca,chabazite-ca,2,Silicates,Other_silicates,
Susannite,Susannite,susannite,2,Carbonates_nitrates,Carbonates,
Pecoraite,Pecoraite,pecoraite,2,Silicates,Other_silicates,Ni_bearing
Glaukosphaerite,Glaukosphaerite,glaukosphaerite,2,Carbonates_nitrates,Cu_carbonates_silicates,Cu_bearing;Ni_bearing
Tangdanite,Tangdanite,tangdanite,2,Sulfates_chromates_molybdates_tungstates,Sulfates_other,Cu_bearing
Vauquelinite,Vauquelinite,vauquelinite,2,Sulfates_chromates_molybdates_tungstates,Sulfates_other,Cu_bearing
Tyuyamunite,Tyuyamunite,tyuyamunite,2,Phosphates_arsenates_vanadates,Phosphates_other,U_Th_indicator
Hydrocerussite,Hydrocerussite,hydrocerussite,2,Carbonates_nitrates,Carbonates,
Chalcocyanite,Chalcocyanite,chalcocyanite,2,Sulfates_chromates_molybdates_tungstates,Sulfates_other,Cu_bearing
Bieberite,Bieberite,bieberite,2,Sulfates_chromates_molybdates_tungstates,Sulfates_other,Co_bearing
Clinosafflorite,Clinosafflorite,clinosafflorite,2,Sulfides_and_analogues,Ni_Co_sulfides_arsenides,Co_bearing
Richetite,Richetite,richetite,2,Oxides_hydroxides,Fe_oxides_hydroxides,U_Th_indicator
Kaersutite,Kaersutite,kaersutite,2,Silicates,Other_silicates,
Aubertite,Aubertite,aubertite,2,Sulfates_chromates_molybdates_tungstates,Sulfates_other,Cu_bearing
Amarantite,Amarantite,amarantite,2,Sulfates_chromates_molybdates_tungstates,Sulfates_other,
Aluminite,Aluminite,aluminite,2,Sulfates_chromates_molybdates_tungstates,Sulfates_other,
Neyite,Neyite,neyite,1,Sulfosalts,Cu_sulfides_other,Ag_bearing;Cu_bearing
Bellingerite,Bellingerite,bellingerite,1,Halides,Halides_other,Cu_bearing
Germanocolusite,Germanocolusite,germanocolusite,1,Sulfides_and_analogues,Cu_sulfides_other,Cu_bearing
Warwickite,Warwickite,warwickite,1,Borates,Borates,
Suanite,Suanite,suanite,1,Borates,Borates,
Kotoite,Kotoite,kotoite,1,Borates,Borates,
Ferro-pargasite,Ferro-pargasite,ferro-pargasite,1,Silicates,Other_silicates,
Reevesite,Reevesite,reevesite,1,Carbonates_nitrates,Carbonates,Ni_bearing
Nickelblödite,Nickelblödite,nickelblödite,1,Sulfates_chromates_molybdates_tungstates,Sulfates_other,Ni_bearing
Kambaldaite,Kambaldaite,kambaldaite,1,Carbonates_nitrates,Carbonates,Ni_bearing
Hydrohonessite,Hydrohonessite,hydrohonessite,1,Sulfates_chromates_molybdates_tungstates,Sulfates_other,Ni_bearing
Byrudite,Byrudite,byrudite,1,Oxides_hydroxides,Ti_oxides,
Shandite,Shandite,shandite,1,Sulfides_and_analogues,Pb_sulfides,Ni_bearing
Senaite,Senaite,senaite,1,Oxides_hydroxides,Fe_oxides_hydroxides,REE_indicator;U_Th_indicator
Monazite-(Nd),Monazite,monazite,1,Phosphates_arsenates_vanadates,REE_accessory,REE_indicator
Lindsleyite,Lindsleyite,lindsleyite,1,Oxides_hydroxides,Fe_oxides_hydroxides,
Jervisite,Jervisite,jervisite,1,Silicates,Other_silicates,
Davidite-(La),Davidite,davidite,1,Halides,Halides_fluorite,REE_indicator;U_Th_indicator
Brandtite,Brandtite,brandtite,1,Sulfates_chromates_molybdates_tungstates,Sulfates_other,
Bariopharmacosiderite,Bariopharmacosiderite,bariopharmacosiderite,1,Sulfates_chromates_molybdates_tungstates,Sulfates_other,
Arseniosiderite,Arseniosiderite,arseniosiderite,1,Sulfates_chromates_molybdates_tungstates,Sulfates_other,
Novákite,Novákite,novákite,1,Sulfides_and_analogues,Cu_sulfides_other,Ag_bearing;Cu_bearing
Koutekite,Koutekite,koutekite,1,Sulfides_and_analogues,Cu_sulfides_other,Cu_bearing
Potassic-chloro-hastingsite,Potassic-chloro-hastingsite,potassic-chloro-hastingsite,1,Halides,Halides_other,
Taramite,Taramite,taramite,1,Silicates,Other_silicates,
Yakhontovite,Yakhontovite,yakhontovite,1,Silicates,Other_silicates,Cu_bearing
Nsutite,Nsutite,nsutite,1,Oxides_hydroxides,Mn_oxides,
Lithiophorite,Lithiophorite,lithiophorite,1,Oxides_hydroxides,Mn_oxides,
Florencite-(La),Florencite,florencite,1,Phosphates_arsenates_vanadates,REE_accessory,REE_indicator
Jaipurite,Jaipurite,jaipurite,1,Sulfides_and_analogues,Ni_Co_sulfides_arsenides,Co_bearing
Sadanagaite,Sadanagaite,sadanagaite,1,Silicates,Other_silicates,
Nowackiite,Nowackiite,nowackiite,1,Sulfosalts,Cu_sulfides_other,Cu_bearing
Larsenite,Larsenite,larsenite,1,Silicates,Other_silicates,
Sellaite,Sellaite,sellaite,1,Halides,Halides_fluorite,
Wendwilsonite,Wendwilsonite,wendwilsonite,1,Sulfates_chromates_molybdates_tungstates,Sulfates_other,
Villyaellenite,Villyaellenite,villyaellenite,1,Sulfates_chromates_molybdates_tungstates,Sulfates_other,
Talmessite,Talmessite,talmessite,1,Sulfates_chromates_molybdates_tungstates,Sulfates_other,
Symplesite,Symplesite,symplesite,1,Sulfates_chromates_molybdates_tungstates,Sulfates_other,
Schneiderhöhnite,Schneiderhöhnite,schneiderhöhnite,1,Oxides_hydroxides,Fe_oxides_hydroxides,
Roselite,Roselite,roselite,1,Sulfates_chromates_molybdates_tungstates,Sulfates_other,Co_bearing
Romanèchite,Romanèchite,romanèchite,1,Oxides_hydroxides,Mn_oxides,
Parnauite,Parnauite,parnauite,1,Sulfates_chromates_molybdates_tungstates,Sulfates_other,Cu_bearing
Parasymplesite,Parasymplesite,parasymplesite,1,Sulfates_chromates_molybdates_tungstates,Sulfates_other,
Manganohörnesite,Manganohörnesite,manganohörnesite,1,Sulfates_chromates_molybdates_tungstates,Sulfates_other,
Ludlockite,Ludlockite,ludlockite,1,Oxides_hydroxides,Fe_oxides_hydroxides,
Krautite,Krautite,krautite,1,Oxides_hydroxides,Mn_oxides,
Köttigite,Köttigite,köttigite,1,Sulfates_chromates_molybdates_tungstates,Sulfates_other,
Karibibite,Karibibite,karibibite,1,Oxides_hydroxides,Fe_oxides_hydroxides,
Ferrisymplesite,Ferrisymplesite,ferrisymplesite,1,Sulfates_chromates_molybdates_tungstates,Sulfates_other,
Claraite,Claraite,claraite,1,Carbonates_nitrates,Cu_carbonates_silicates,Cu_bearing
Phosphuranylite,Phosphuranylite,phosphuranylite,1,Phosphates_arsenates_vanadates,Phosphates_other,U_Th_indicator
Metastudtite,Metastudtite,metastudtite,1,Oxides_hydroxides,Oxides_misc,U_Th_indicator
Metasaléeite,Metasaléeite,metasaléeite,1,Phosphates_arsenates_vanadates,Phosphates_other,U_Th_indicator
Françoisite-(Nd),Françoisite,françoisite,1,Phosphates_arsenates_vanadates,REE_accessory,REE_indicator;U_Th_indicator
Astrocyanite-(Ce),Astrocyanite,astrocyanite,1,Carbonates_nitrates,Cu_carbonates_silicates,Cu_bearing;REE_indicator;U_Th_indicator
Montroseite,Montroseite,montroseite,1,Oxides_hydroxides,Fe_oxides_hydroxides,
Meta-autunite,Meta-autunite,meta-autunite,1,Phosphates_arsenates_vanadates,Phosphates_other,U_Th_indicator
Babánekite,Babánekite,babánekite,1,Sulfates_chromates_molybdates_tungstates,Sulfates_other,Cu_bearing
Cronstedtite,Cronstedtite,cronstedtite,1,Silicates,Other_silicates,
Mesolite,Mesolite,mesolite,1,Silicates,Other_silicates,
Junitoite,Junitoite,junitoite,1,Silicates,Other_silicates,
Gilalite,Gilalite,gilalite,1,Silicates,Other_silicates,Cu_bearing
Clinohedrite,Clinohedrite,clinohedrite,1,Silicates,Other_silicates,
Gysinite-(Nd),Gysinite,gysinite,1,Carbonates_nitrates,Carbonates,REE_indicator
Miguelromeroite,Miguelromeroite,miguelromeroite,1,Sulfates_chromates_molybdates_tungstates,Sulfates_other,
Bendadaite,Bendadaite,bendadaite,1,Sulfates_chromates_molybdates_tungstates,Sulfates_other,
Arfvedsonite,Arfvedsonite,arfvedsonite,1,Silicates,Other_silicates,
Apachite,Apachite,apachite,1,Silicates,Other_silicates,Cu_bearing
Anthonyite,Anthonyite,anthonyite,1,Oxides_hydroxides,Cu_oxides,Cu_bearing
Namuwite,Namuwite,namuwite,1,Sulfates_chromates_molybdates_tungstates,Sulfates_other,
Woodwardite,Woodwardite,woodwardite,1,Sulfates_chromates_molybdates_tungstates,Sulfates_other,Cu_bearing
Borzęckiite,Borzęckiite,borzęckiite,1,Sulfides_and_analogues,Pb_sulfides,U_Th_indicator
Jagüéite,Jagüéite,jagüéite,1,Sulfides_and_analogues,Cu_sulfides_other,Cu_bearing
Pseudojohannite,Pseudojohannite,pseudojohannite,1,Sulfates_chromates_molybdates_tungstates,Sulfates_other,Cu_bearing;U_Th_indicator
Verbeekite,Verbeekite,verbeekite,1,Sulfides_and_analogues,Sulfides_misc,
Piretite,Piretite,piretite,1,Sulfides_and_analogues,Sulfides_misc,U_Th_indicator
Uranosphaerite,Uranosphaerite,uranosphaerite,1,Oxides_hydroxides,Oxides_misc,U_Th_indicator
Monohydrocalcite,Monohydrocalcite,monohydrocalcite,1,Carbonates_nitrates,Carbonates,
Pendevilleite-(Y),Pendevilleite,pendevilleite,1,Carbonates_nitrates,Carbonates,REE_indicator;U_Th_indicator
Markcooperite,Markcooperite,markcooperite,1,Sulfides_and_analogues,Pb_sulfides,U_Th_indicator
Zeunerite,Zeunerite,zeunerite,1,Sulfates_chromates_molybdates_tungstates,Sulfates_other,Cu_bearing;U_Th_indicator
Shabaite-(Nd),Shabaite,shabaite,1,Carbonates_nitrates,Carbonates,REE_indicator;U_Th_indicator
Veszelyite,Veszelyite,veszelyite,1,Phosphates_arsenates_vanadates,Phosphates_other,Cu_bearing
Theisite,Theisite,theisite,1,Sulfates_chromates_molybdates_tungstates,Sulfates_other,Cu_bearing
Kipushite,Kipushite,kipushite,1,Phosphates_arsenates_vanadates,Phosphates_other,Cu_bearing
Arsendescloizite,Arsendescloizite,arsendescloizite,1,Sulfates_chromates_molybdates_tungstates,Sulfates_other,
Bogdanovite,Bogdanovite,bogdanovite,1,Sulfides_and_analogues,Cu_sulfides_other,Au_bearing;Cu_bearing
Rouaite,Rouaite,rouaite,1,Carbonates_nitrates,Cu_carbonates_silicates,Cu_bearing
Phosphophyllite,Phosphophyllite,phosphophyllite,1,Phosphates_arsenates_vanadates,Phosphates_other,
Tyrrellite,Tyrrellite,tyrrellite,1,Sulfides_and_analogues,Cu_sulfides_other,Co_bearing;Cu_bearing;Ni_bearing
Trogtalite,Trogtalite,trogtalite,1,Sulfides_and_analogues,Ni_Co_sulfides_arsenides,Co_bearing
Rutherfordine,Rutherfordine,rutherfordine,1,Carbonates_nitrates,Carbonates,U_Th_indicator
Xonotlite,Xonotlite,xonotlite,1,Silicates,Other_silicates,
Scawtite,Scawtite,scawtite,1,Carbonates_nitrates,Carbonates,
Ruizite,Ruizite,ruizite,1,Silicates,Other_silicates,
Hopeite,Hopeite,hopeite,1,Phosphates_arsenates_vanadates,Phosphates_other,
Eugsterite,Eugsterite,eugsterite,1,Sulfates_chromates_molybdates_tungstates,Sulfates_other,
Margarite,Margarite,margarite,1,Silicates,Other_silicates,
Athabascaite,Athabascaite,athabascaite,1,Sulfides_and_analogues,Cu_sulfides_other,Cu_bearing
Chalconatronite,Chalconatronite,chalconatronite,1,Carbonates_nitrates,Cu_carbonates_silicates,Cu_bearing
Fluellite,Fluellite,fluellite,1,Phosphates_arsenates_vanadates,Phosphates_other,
Dokuchaevite,Dokuchaevite,dokuchaevite,1,Phosphates_arsenates_vanadates,Phosphates_other,Cu_bearing
Palladseite,Palladseite,palladseite,1,Sulfides_and_analogues,Sulfides_misc,
Oursinite,Oursinite,oursinite,1,Silicates,Other_silicates,Co_bearing;U_Th_indicator
Marthozite,Marthozite,marthozite,1,Sulfides_and_analogues,Cu_sulfides_other,Cu_bearing;U_Th_indicator
Guilleminite,Guilleminite,guilleminite,1,Sulfides_and_analogues,Sulfides_misc,U_Th_indicator
Fourmarierite,Fourmarierite,fourmarierite,1,Oxides_hydroxides,Oxides_misc,U_Th_indicator
Dumontite,Dumontite,dumontite,1,Phosphates_arsenates_vanadates,Phosphates_other,U_Th_indicator
Derriksite,Derriksite,derriksite,1,Sulfides_and_analogues,Cu_sulfides_other,Cu_bearing;U_Th_indicator
Zheshengite,Zheshengite,zheshengite,1,Sulfates_chromates_molybdates_tungstates,Sulfates_other,
Cuprozheshengite,Cuprozheshengite,cuprozheshengite,1,Sulfates_chromates_molybdates_tungstates,Sulfates_other,Cu_bearing
Arsenoveszelyite,Arsenoveszelyite,arsenoveszelyite,1,Sulfates_chromates_molybdates_tungstates,Sulfates_other,Cu_bearing
Cuprodongchuanite,Cuprodongchuanite,cuprodongchuanite,1,Phosphates_arsenates_vanadates,Phosphates_other,Cu_bearing
Dongchuanite,Dongchuanite,dongchuanite,1,Phosphates_arsenates_vanadates,Phosphates_other,
Bilibinskite,Bilibinskite,bilibinskite,1,Sulfides_and_analogues,Cu_sulfides_other,Au_bearing;Cu_bearing
Goudeyite,Goudeyite,goudeyite,1,Sulfates_chromates_molybdates_tungstates,Sulfates_other,Cu_bearing
Aluminocopiapite,Aluminocopiapite,aluminocopiapite,1,Sulfates_chromates_molybdates_tungstates,Sulfates_other,
Agardite-(Nd),Agardite,agardite,1,Sulfates_chromates_molybdates_tungstates,Sulfates_other,Cu_bearing;REE_indicator
Uvarovite,Uvarovite,uvarovite,1,Silicates,Other_silicates,
Eskolaite,Eskolaite,eskolaite,1,Oxides_hydroxides,Oxides_misc,
Szenicsite,Szenicsite,szenicsite,1,Sulfates_chromates_molybdates_tungstates,Sulfates_other,Cu_bearing;Mo_bearing
Clino-ferro-suenoite,Clino-ferro-suenoite,clino-ferro-suenoite,1,Silicates,Amphiboles_pyroxenes,
Mattagamite,Mattagamite,mattagamite,1,Sulfides_and_analogues,Ni_Co_sulfides_arsenides,Co_bearing
Hellandite-(Y),Hellandite,hellandite,1,Silicates,Other_silicates,REE_indicator
Caryopilite,Caryopilite,caryopilite,1,Silicates,Other_silicates,
Cuprospinel,Cuprospinel,cuprospinel,1,Oxides_hydroxides,Fe_oxides_hydroxides,Cu_bearing
Murdochite,Murdochite,murdochite,1,Halides,Halides_other,Cu_bearing
Tachyhydrite,Tachyhydrite,tachyhydrite,1,Halides,Halides_other,
Demesmaekerite,Demesmaekerite,demesmaekerite,1,Sulfides_and_analogues,Cu_sulfides_other,Cu_bearing;U_Th_indicator
Cobaltomenite,Cobaltomenite,cobaltomenite,1,Sulfides_and_analogues,Ni_Co_sulfides_arsenides,Co_bearing
Ransomite,Ransomite,ransomite,1,Sulfates_chromates_molybdates_tungstates,Sulfates_other,Cu_bearing
Lausenite,Lausenite,lausenite,1,Sulfates_chromates_molybdates_tungstates,Sulfates_other,
Guildite,Guildite,guildite,1,Sulfates_chromates_molybdates_tungstates,Sulfates_other,Cu_bearing
Tephroite,Tephroite,tephroite,1,Silicates,Other_silicates,
Gratonite,Gratonite,gratonite,1,Sulfosalts,Pb_sulfides,
Buckhornite,Buckhornite,buckhornite,1,Sulfosalts,Pb_sulfides,Au_bearing
Fougèrite,Fougèrite,fougèrite,1,Carbonates_nitrates,Carbonates,
Zálesíite,Zálesíite,zálesíite,1,Sulfates_chromates_molybdates_tungstates,Sulfates_other,Cu_bearing
Roscherite,Roscherite,roscherite,1,Phosphates_arsenates_vanadates,Phosphates_other,
Augelite,Augelite,augelite,1,Phosphates_arsenates_vanadates,Phosphates_other,
Phosphosiderite,Phosphosiderite,phosphosiderite,1,Phosphates_arsenates_vanadates,Phosphates_other,
Cyrilovite,Cyrilovite,cyrilovite,1,Phosphates_arsenates_vanadates,Phosphates_other,
Nimite,Nimite,nimite,1,Silicates,Other_silicates,Ni_bearing
Cookeite,Cookeite,cookeite,1,Silicates,Other_silicates,
Baileychlore,Baileychlore,baileychlore,1,Silicates,Other_silicates,
Uvite,Uvite,uvite,1,Silicates,Other_silicates,
Huenite,Huenite,huenite,1,Sulfates_chromates_molybdates_tungstates,Sulfates_other,Cu_bearing;Mo_bearing
Obradovicite-NaNa,Obradovicite-NaNa,obradovicite-nana,1,Oxides_hydroxides,Fe_oxides_hydroxides,Mo_bearing
Obradovicite-NaCu,Obradovicite-NaCu,obradovicite-nacu,1,Oxides_hydroxides,Fe_oxides_hydroxides,Cu_bearing;Mo_bearing
Mendozavilite-KCa,Mendozavilite-KCa,mendozavilite-kca,1,Oxides_hydroxides,Fe_oxides_hydroxides,Mo_bearing
Betpakdalite-NaNa,Betpakdalite-NaNa,betpakdalite-nana,1,Oxides_hydroxides,Fe_oxides_hydroxides,Mo_bearing
Ungemachite,Ungemachite,ungemachite,1,Carbonates_nitrates,Carbonates,
Magnesio-ferri-hornblende,Magnesio-ferri-hornblende,magnesio-ferri-hornblende,1,Silicates,Other_silicates,
Potassic-magnesio-hastingsite,Potassic-magnesio-hastingsite,potassic-magnesio-hastingsite,1,Silicates,Other_silicates,
Cancrinite,Cancrinite,cancrinite,1,Carbonates_nitrates,Carbonates,
Leucosphenite,Leucosphenite,leucosphenite,1,Silicates,Other_silicates,
Whelanite,Whelanite,whelanite,1,Carbonates_nitrates,Cu_carbonates_silicates,Cu_bearing
Beraunite,Beraunite,beraunite,1,Phosphates_arsenates_vanadates,Phosphates_other,
Bementite,Bementite,bementite,1,Silicates,Other_silicates,
Nekrasovite,Nekrasovite,nekrasovite,1,Sulfides_and_analogues,Cu_sulfides_other,Cu_bearing
Ulexite,Ulexite,ulexite,1,Borates,Borates,
Yavapaiite,Yavapaiite,yavapaiite,1,Sulfates_chromates_molybdates_tungstates,Sulfates_other,
Kolbeckite,Kolbeckite,kolbeckite,1,Phosphates_arsenates_vanadates,Phosphates_other,
Kemmlitzite,Kemmlitzite,kemmlitzite,1,Sulfates_chromates_molybdates_tungstates,Sulfates_other,
Hidalgoite,Hidalgoite,hidalgoite,1,Sulfates_chromates_molybdates_tungstates,Sulfates_other,
Ferristrunzite,Ferristrunzite,ferristrunzite,1,Phosphates_arsenates_vanadates,Phosphates_other,
Dzhalindite,Dzhalindite,dzhalindite,1,Oxides_hydroxides,Oxides_misc,
Krausite,Krausite,krausite,1,Sulfates_chromates_molybdates_tungstates,Sulfates_other,
Bandylite,Bandylite,bandylite,1,Halides,Halides_other,Cu_bearing
Phosgenite,Phosgenite,phosgenite,1,Carbonates_nitrates,Carbonates,
Planerite,Planerite,planerite,1,Phosphates_arsenates_vanadates,Phosphates_other,
Foshagite,Foshagite,foshagite,1,Silicates,Other_silicates,
Ilsemannite,Ilsemannite,ilsemannite,1,Oxides_hydroxides,Oxides_misc,Mo_bearing
Tungstenite,Tungstenite,tungstenite,1,Sulfides_and_analogues,Sulfides_misc,
Pyrostilpnite,Pyrostilpnite,pyrostilpnite,1,Sulfosalts,As_Sb_Bi_sulfosalts,Ag_bearing
Fletcherite,Fletcherite,fletcherite,1,Sulfides_and_analogues,Cu_sulfides_other,Cu_bearing;Ni_bearing
Cadmoselite,Cadmoselite,cadmoselite,1,Sulfides_and_analogues,Sulfides_misc,
Furutobeite,Furutobeite,furutobeite,1,Sulfides_and_analogues,Cu_sulfides_other,Ag_bearing;Cu_bearing
Falkmanite,Falkmanite,falkmanite,1,Sulfosalts,Pb_sulfides,
Kinoshitalite,Kinoshitalite,kinoshitalite,1,Silicates,Other_silicates,
Edingtonite,Edingtonite,edingtonite,1,Silicates,Other_silicates,
Boyleite,Boyleite,boyleite,1,Sulfates_chromates_molybdates_tungstates,Sulfates_other,
Salesite,Salesite,salesite,1,Halides,Halides_other,Cu_bearing
Katophorite,Katophorite,katophorite,1,Silicates,Other_silicates,
Sodalite,Sodalite,sodalite,1,Halides,Halides_other,
Markascherite,Markascherite,markascherite,1,Sulfates_chromates_molybdates_tungstates,Sulfates_other,Cu_bearing;Mo_bearing
Aurorite,Aurorite,aurorite,1,Oxides_hydroxides,Mn_oxides,
Phosphohedyphane,Phosphohedyphane,phosphohedyphane,1,Phosphates_arsenates_vanadates,Phosphates_other,
Rhodostannite,Rhodostannite,rhodostannite,1,Sulfides_and_analogues,Cu_sulfides_other,Cu_bearing
Aegirine-augite,Aegirine-augite,aegirine-augite,1,Silicates,Other_silicates,
Ferronigerite-2N1S,Ferronigerite-2N1S,ferronigerite-2n1s,1,Oxides_hydroxides,Oxides_misc,
Magnesio-foitite,Magnesio-foitite,magnesio-foitite,1,Silicates,Other_silicates,
Hulsite,Hulsite,hulsite,1,Borates,Borates,
Geffroyite,Geffroyite,geffroyite,1,Sulfides_and_analogues,Cu_sulfides_other,Ag_bearing;Cu_bearing
Karelianite,Karelianite,karelianite,1,Oxides_hydroxides,Oxides_misc,
Berdesinskiite,Berdesinskiite,berdesinskiite,1,Oxides_hydroxides,Ti_oxides,
Tintinaite,Tintinaite,tintinaite,1,Sulfosalts,Cu_sulfides_other,Cu_bearing
Alum-(K),Alum,alum,1,Sulfates_chromates_molybdates_tungstates,Sulfates_other,
Obradovicite-KCu,Obradovicite-KCu,obradovicite-kcu,1,Oxides_hydroxides,Fe_oxides_hydroxides,Cu_bearing;Mo_bearing
Madocite,Madocite,madocite,1,Sulfosalts,Pb_sulfides,
Ludlamite,Ludlamite,ludlamite,1,Phosphates_arsenates_vanadates,Phosphates_other,
Kintoreite,Kintoreite,kintoreite,1,Phosphates_arsenates_vanadates,Phosphates_other,
Skinnerite,Skinnerite,skinnerite,1,Sulfosalts,Cu_sulfides_other,Cu_bearing
Tugarinovite,Tugarinovite,tugarinovite,1,Oxides_hydroxides,Oxides_misc,Mo_bearing
Haidingerite,Haidingerite,haidingerite,1,Oxides_hydroxides,Oxides_misc,
Vésigniéite,Vésigniéite,vésigniéite,1,Phosphates_arsenates_vanadates,Phosphates_other,Cu_bearing
Tangeite,Tangeite,tangeite,1,Phosphates_arsenates_vanadates,Phosphates_other,Cu_bearing
Turanite,Turanite,turanite,1,Phosphates_arsenates_vanadates,Phosphates_other,Cu_bearing
Chloroxiphite,Chloroxiphite,chloroxiphite,1,Halides,Halides_other,Cu_bearing
Hemusite,Hemusite,hemusite,1,Sulfides_and_analogues,Cu_sulfides_other,Cu_bearing;Mo_bearing
Paraguanajuatite,Paraguanajuatite,paraguanajuatite,1,Sulfosalts,As_Sb_Bi_sulfosalts,
Heulandite-Sr,Heulandite-Sr,heulandite-sr,1,Silicates,Other_silicates,
Kribergite,Kribergite,kribergite,1,Sulfates_chromates_molybdates_tungstates,Sulfates_other,
Mackayite,Mackayite,mackayite,1,Sulfides_and_analogues,Sulfides_misc,
Kutnohorite,Kutnohorite,kutnohorite,1,Carbonates_nitrates,Carbonates,
Dundasite,Dundasite,dundasite,1,Carbonates_nitrates,Carbonates,
Ferrohexahydrite,Ferrohexahydrite,ferrohexahydrite,1,Sulfates_chromates_molybdates_tungstates,Sulfates_other,
Argentotennantite-(Zn),Argentotennantite,argentotennantite,1,Sulfosalts,Cu_sulfides_other,Ag_bearing;Cu_bearing
Vuorelainenite,Vuorelainenite,vuorelainenite,1,Oxides_hydroxides,Mn_oxides,
Radhakrishnaite,Radhakrishnaite,radhakrishnaite,1,Halides,Halides_other,
Juxingite,Juxingite,juxingite,1,Sulfosalts,As_Sb_Bi_sulfosalts,
Zhonghongite,Zhonghongite,zhonghongite,1,Sulfosalts,As_Sb_Bi_sulfosalts,
Tsumebite,Tsumebite,tsumebite,1,Sulfates_chromates_molybdates_tungstates,Sulfates_other,Cu_bearing
Diadochite,Diadochite,diadochite,1,Sulfates_chromates_molybdates_tungstates,Sulfates_other,
Pyrope,Pyrope,pyrope,1,Silicates,Other_silicates,
Shcherbinaite,Shcherbinaite,shcherbinaite,1,Oxides_hydroxides,Oxides_misc,
Indium,Indium,indium,1,Native_elements,Native_elements_misc,
Tripuhyite,Tripuhyite,tripuhyite,1,Oxides_hydroxides,Fe_oxides_hydroxides,
Oregonite,Oregonite,oregonite,1,Sulfides_and_analogues,Ni_Co_sulfides_arsenides,Ni_bearing
Mandarinoite,Mandarinoite,mandarinoite,1,Sulfides_and_analogues,Sulfides_misc,
Fülöppite,Fülöppite,fülöppite,1,Sulfosalts,Pb_sulfides,
Benleonardite,Benleonardite,benleonardite,1,Sulfosalts,Cu_sulfides_other,Ag_bearing;Cu_bearing
Sieleckiite,Sieleckiite,sieleckiite,1,Phosphates_arsenates_vanadates,Phosphates_other,Cu_bearing
Veenite,Veenite,veenite,1,Sulfosalts,Pb_sulfides,
Donbassite,Donbassite,donbassite,1,Silicates,Other_silicates,
Ferrisepiolite,Ferrisepiolite,ferrisepiolite,1,Silicates,Other_silicates,
Benjaminite,Benjaminite,benjaminite,1,Sulfosalts,As_Sb_Bi_sulfosalts,Ag_bearing
Kushiroite,Kushiroite,kushiroite,1,Silicates,Other_silicates,
Hörnesite,Hörnesite,hörnesite,1,Sulfates_chromates_molybdates_tungstates,Sulfates_other,
Petrovskaite,Petrovskaite,petrovskaite,1,Sulfides_and_analogues,Sulfides_misc,Ag_bearing;Au_bearing
Carbonatecyanotrichite,Carbonatecyanotrichite,carbonatecyanotrichite,1,Carbonates_nitrates,Cu_carbonates_silicates,Cu_bearing
Sakuraiite,Sakuraiite,sakuraiite,1,Sulfides_and_analogues,Cu_sulfides_other,Cu_bearing
Aramayoite,Aramayoite,aramayoite,1,Sulfosalts,As_Sb_Bi_sulfosalts,Ag_bearing
Dewitite,Dewitite,dewitite,1,Sulfosalts,Pb_sulfides,Ag_bearing
Aluminocoquimbite,Aluminocoquimbite,aluminocoquimbite,1,Sulfates_chromates_molybdates_tungstates,Sulfates_other,
Reichenbachite,Reichenbachite,reichenbachite,1,Phosphates_arsenates_vanadates,Phosphates_other,Cu_bearing
Hitachiite,Hitachiite,hitachiite,1,Sulfosalts,Pb_sulfides,
Clino-suenoite,Clino-suenoite,clino-suenoite,1,Silicates,Other_silicates,
Potassic-magnesio-arfvedsonite,Potassic-magnesio-arfvedsonite,potassic-magnesio-arfvedsonite,1,Silicates,Other_silicates,
Ferri-ghoseite,Ferri-ghoseite,ferri-ghoseite,1,Silicates,Other_silicates,
Pyroxmangite,Pyroxmangite,pyroxmangite,1,Silicates,Other_silicates,
Magnesio-arfvedsonite,Magnesio-arfvedsonite,magnesio-arfvedsonite,1,Silicates,Other_silicates,
Magnesio-riebeckite,Magnesio-riebeckite,magnesio-riebeckite,1,Silicates,Other_silicates,
Alleghanyite,Alleghanyite,alleghanyite,1,Silicates,Other_silicates,
Axinite-(Mn),Axinite,axinite,1,Silicates,Other_silicates,
Jaskólskiite,Jaskólskiite,jaskólskiite,1,Sulfosalts,Cu_sulfides_other,Cu_bearing
Pavonite,Pavonite,pavonite,1,Sulfosalts,As_Sb_Bi_sulfosalts,Ag_bearing
Hydroxyplumbopyrochlore,Hydroxyplumbopyrochlore,hydroxyplumbopyrochlore,1,Oxides_hydroxides,Oxides_misc,
Pentahydrite,Pentahydrite,pentahydrite,1,Sulfates_chromates_molybdates_tungstates,Sulfates_other,
Northupite,Northupite,northupite,1,Carbonates_nitrates,Carbonates,
Nesquehonite,Nesquehonite,nesquehonite,1,Carbonates_nitrates,Carbonates,
Dypingite,Dypingite,dypingite,1,Carbonates_nitrates,Carbonates,
Belogubite,Belogubite,belogubite,1,Sulfates_chromates_molybdates_tungstates,Sulfates_other,Cu_bearing
Serandite,Serandite,serandite,1,Silicates,Other_silicates,
Liroconite,Liroconite,liroconite,1,Sulfates_chromates_molybdates_tungstates,Sulfates_other,Cu_bearing
Villamanínite,Villamanínite,villamanínite,1,Sulfides_and_analogues,Cu_sulfides_other,Cu_bearing
Chenite,Chenite,chenite,1,Sulfates_chromates_molybdates_tungstates,Sulfates_other,Cu_bearing
Zoubekite,Zoubekite,zoubekite,1,Sulfosalts,Pb_sulfides,Ag_bearing
Wairakite,Wairakite,wairakite,1,Silicates,Other_silicates,
Tosudite,Tosudite,tosudite,1,Silicates,Other_silicates,
Rectorite,Rectorite,rectorite,1,Silicates,Other_silicates,
Jimthompsonite,Jimthompsonite,jimthompsonite,1,Silicates,Other_silicates,
Chesterite,Chesterite,chesterite,1,Silicates,Other_silicates,
Aplowite,Aplowite,aplowite,1,Sulfates_chromates_molybdates_tungstates,Sulfates_other,Co_bearing
Potassic-pargasite,Potassic-pargasite,potassic-pargasite,1,Silicates,Other_silicates,
Perite,Perite,perite,1,Halides,Halides_other,
Törnebohmite-(Ce),Törnebohmite,törnebohmite,1,Silicates,Other_silicates,REE_indicator
Belloite,Belloite,belloite,1,Halides,Halides_other,Cu_bearing
Moolooite,Moolooite,moolooite,1,Oxides_hydroxides,Cu_oxides,Cu_bearing
Tennantite-(Fe),Tennantite,tennantite,1,Sulfosalts,Cu_sulfides_other,Cu_bearing
Allanite-(Y),Allanite,allanite,1,Silicates,Other_silicates,REE_indicator
Segnitite,Segnitite,segnitite,1,Sulfates_chromates_molybdates_tungstates,Sulfates_other,
Dzharkenite,Dzharkenite,dzharkenite,1,Sulfides_and_analogues,Sulfides_misc,
Babingtonite,Babingtonite,babingtonite,1,Silicates,Other_silicates,
Sulphotsumoite,Sulphotsumoite,sulphotsumoite,1,Sulfosalts,As_Sb_Bi_sulfosalts,
Zincrosasite,Zincrosasite,zincrosasite,1,Carbonates_nitrates,Cu_carbonates_silicates,Cu_bearing
Seelite,Seelite,seelite,1,Sulfates_chromates_molybdates_tungstates,Sulfates_other,U_Th_indicator
Minium,Minium,minium,1,Oxides_hydroxides,Oxides_misc,
Whewellite,Whewellite,whewellite,1,Oxides_hydroxides,Oxides_misc,
Alum-(Na),Alum,alum,1,Sulfates_chromates_molybdates_tungstates,Sulfates_other,
Gustavite,Gustavite,gustavite,1,Sulfosalts,Pb_sulfides,Ag_bearing
Cesàrolite,Cesàrolite,cesàrolite,1,Oxides_hydroxides,Mn_oxides,
Xilingolite,Xilingolite,xilingolite,1,Sulfosalts,Pb_sulfides,
Rhabdophane-(Ce),Rhabdophane,rhabdophane,1,Phosphates_arsenates_vanadates,REE_accessory,REE_indicator
Fraipontite,Fraipontite,fraipontite,1,Silicates,Other_silicates,
Součekite,Součekite,součekite,1,Sulfosalts,Cu_sulfides_other,Cu_bearing
Padĕraite,Padĕraite,padĕraite,1,Sulfosalts,Cu_sulfides_other,Ag_bearing;Cu_bearing
Friedrichite,Friedrichite,friedrichite,1,Sulfosalts,Cu_sulfides_other,Cu_bearing
Berlinite,Berlinite,berlinite,1,Phosphates_arsenates_vanadates,Phosphates_other,
Pseudoboleite,Pseudoboleite,pseudoboleite,1,Halides,Halides_other,Cu_bearing
Zippeite,Zippeite,zippeite,1,Sulfates_chromates_molybdates_tungstates,Sulfates_other,U_Th_indicator
Zinczippeite,Zinczippeite,zinczippeite,1,Sulfates_chromates_molybdates_tungstates,Sulfates_other,U_Th_indicator
Triplite,Triplite,triplite,1,Phosphates_arsenates_vanadates,Phosphates_other,
Swartzite,Swartzite,swartzite,1,Carbonates_nitrates,Carbonates,U_Th_indicator
Spurrite,Spurrite,spurrite,1,Carbonates_nitrates,Carbonates,
Armenite,Armenite,armenite,1,Silicates,Other_silicates,
Nitratine,Nitratine,nitratine,1,Carbonates_nitrates,Carbonates,
Minyulite,Minyulite,minyulite,1,Phosphates_arsenates_vanadates,Phosphates_other,
Miersite,Miersite,miersite,1,Halides,Halides_other,Ag_bearing
Metasideronatrite,Metasideronatrite,metasideronatrite,1,Sulfates_chromates_molybdates_tungstates,Sulfates_other,
Natrozippeite,Natrozippeite,natrozippeite,1,Sulfates_chromates_molybdates_tungstates,Sulfates_other,U_Th_indicator
Schröckingerite,Schröckingerite,schröckingerite,1,Carbonates_nitrates,Carbonates,U_Th_indicator
Nickelzippeite,Nickelzippeite,nickelzippeite,1,Sulfates_chromates_molybdates_tungstates,Sulfates_other,Ni_bearing;U_Th_indicator
Johannite,Johannite,johannite,1,Sulfates_chromates_molybdates_tungstates,Sulfates_other,Cu_bearing;U_Th_indicator
Bayleyite,Bayleyite,bayleyite,1,Carbonates_nitrates,Carbonates,U_Th_indicator
Andersonite,Andersonite,andersonite,1,Carbonates_nitrates,Carbonates,U_Th_indicator
Ceruleite,Ceruleite,ceruleite,1,Sulfates_chromates_molybdates_tungstates,Sulfates_other,Cu_bearing
Argentopyrite,Argentopyrite,argentopyrite,1,Sulfides_and_analogues,Sulfides_misc,Ag_bearing
Mendozite,Mendozite,mendozite,1,Sulfates_chromates_molybdates_tungstates,Sulfates_other,
Leadamalgam,Leadamalgam,leadamalgam,1,Native_elements,PGE_alloys_intermetallics,
Iron,Iron,iron,1,Native_elements,Native_elements_misc,
Apjohnite,Apjohnite,apjohnite,1,Sulfates_chromates_molybdates_tungstates,Sulfates_other,
Tarkianite,Tarkianite,tarkianite,1,Sulfides_and_analogues,Cu_sulfides_other,Cu_bearing;Mo_bearing
Orcelite,Orcelite,orcelite,1,Sulfides_and_analogues,Ni_Co_sulfides_arsenides,Ni_bearing
Daomanite,Daomanite,daomanite,1,Sulfosalts,Cu_sulfides_other,Cu_bearing
Bixbyite-(Mn),Bixbyite,bixbyite,1,Oxides_hydroxides,Fe_oxides_hydroxides,
Tulameenite,Tulameenite,tulameenite,1,Other_unknown,Other_accessory,Cu_bearing
Tantite,Tantite,tantite,1,Oxides_hydroxides,Oxides_misc,
Kerimasite,Kerimasite,kerimasite,1,Silicates,Other_silicates,
Szaibélyite,Szaibélyite,szaibélyite,1,Borates,Borates,
Hydroxylellestadite,Hydroxylellestadite,hydroxylellestadite,1,Sulfates_chromates_molybdates_tungstates,Sulfates_other,
Kuramite,Kuramite,kuramite,1,Sulfides_and_analogues,Cu_sulfides_other,Cu_bearing
Beidellite,Beidellite,beidellite,1,Silicates,Other_silicates,
Qusongite,Qusongite,qusongite,1,Other_unknown,Other_accessory,
Vavřínite,Vavřínite,vavřínite,1,Sulfosalts,Ni_Co_sulfides_arsenides,Ni_bearing
Omeiite,Omeiite,omeiite,1,Sulfides_and_analogues,Ni_Co_sulfides_arsenides,
Danbaite,Danbaite,danbaite,1,Other_unknown,Other_accessory,Cu_bearing
Chromferide,Chromferide,chromferide,1,Other_unknown,Other_accessory,
Lecontite,Lecontite,lecontite,1,Sulfates_chromates_molybdates_tungstates,Sulfates_other,
Poughite,Poughite,poughite,1,Sulfates_chromates_molybdates_tungstates,Sulfates_other,
Paramendozavilite,Paramendozavilite,paramendozavilite,1,Phosphates_arsenates_vanadates,Phosphates_other,Mo_bearing
Ourayite,Ourayite,ourayite,1,Sulfosalts,Pb_sulfides,Ag_bearing
Anapaite,Anapaite,anapaite,1,Phosphates_arsenates_vanadates,Phosphates_other,
Vikingite,Vikingite,vikingite,1,Sulfosalts,Pb_sulfides,Ag_bearing
Schultenite,Schultenite,schultenite,1,Oxides_hydroxides,Oxides_misc,
Pennantite,Pennantite,pennantite,1,Silicates,Other_silicates,
Pseudobrookite,Pseudobrookite,pseudobrookite,1,Oxides_hydroxides,Fe_oxides_hydroxides,
Carlfriesite,Carlfriesite,carlfriesite,1,Sulfides_and_analogues,Sulfides_misc,
Grimmite,Grimmite,grimmite,1,Sulfides_and_analogues,Ni_Co_sulfides_arsenides,Co_bearing;Ni_bearing
Cohenite,Cohenite,cohenite,1,Other_unknown,Other_accessory,
Bismutohauchecornite,Bismutohauchecornite,bismutohauchecornite,1,Sulfosalts,Ni_Co_sulfides_arsenides,Ni_bearing
Bartonite,Bartonite,bartonite,1,Sulfides_and_analogues,Sulfides_misc,
Barroisite,Barroisite,barroisite,1,Silicates,Other_silicates,
Nielsenite,Nielsenite,nielsenite,1,Other_unknown,Other_accessory,Cu_bearing
Magnesiochromite,Magnesiochromite,magnesiochromite,1,Oxides_hydroxides,Oxides_misc,
Kolarite,Kolarite,kolarite,1,Halides,Halides_other,
Cupropolybasite,Cupropolybasite,cupropolybasite,1,Sulfosalts,Cu_sulfides_other,Ag_bearing;Cu_bearing
Pararammelsbergite,Pararammelsbergite,pararammelsbergite,1,Sulfides_and_analogues,Ni_Co_sulfides_arsenides,Ni_bearing
Zincmelanterite,Zincmelanterite,zincmelanterite,1,Sulfates_chromates_molybdates_tungstates,Sulfates_other,
Poitevinite,Poitevinite,poitevinite,1,Sulfates_chromates_molybdates_tungstates,Sulfates_other,Cu_bearing
Mitscherlichite,Mitscherlichite,mitscherlichite,1,Halides,Halides_other,Cu_bearing
Millosevichite,Millosevichite,millosevichite,1,Sulfates_chromates_molybdates_tungstates,Sulfates_other,
Magnesiocopiapite,Magnesiocopiapite,magnesiocopiapite,1,Sulfates_chromates_molybdates_tungstates,Sulfates_other,
Lishizhenite,Lishizhenite,lishizhenite,1,Sulfates_chromates_molybdates_tungstates,Sulfates_other,
Leonite,Leonite,leonite,1,Sulfates_chromates_molybdates_tungstates,Sulfates_other,
Kieserite,Kieserite,kieserite,1,Sulfates_chromates_molybdates_tungstates,Sulfates_other,
Kharaelakhite,Kharaelakhite,kharaelakhite,1,Sulfides_and_analogues,Cu_sulfides_other,Cu_bearing;Ni_bearing
Kempite,Kempite,kempite,1,Halides,Halides_other,
Frankdicksonite,Frankdicksonite,frankdicksonite,1,Halides,Halides_fluorite,
Leightonite,Leightonite,leightonite,1,Sulfates_chromates_molybdates_tungstates,Sulfates_other,Cu_bearing
Ferroskutterudite,Ferroskutterudite,ferroskutterudite,1,Sulfides_and_analogues,Ni_Co_sulfides_arsenides,
Malyshevite,Malyshevite,malyshevite,1,Sulfosalts,Cu_sulfides_other,Cu_bearing
Sugakiite,Sugakiite,sugakiite,1,Sulfides_and_analogues,Cu_sulfides_other,Cu_bearing;Ni_bearing
Menshikovite,Menshikovite,menshikovite,1,Sulfides_and_analogues,Ni_Co_sulfides_arsenides,Ni_bearing
Tatyanaite,Tatyanaite,tatyanaite,1,Other_unknown,Other_accessory,Cu_bearing
Zirconolite,Zirconolite,zirconolite,1,Oxides_hydroxides,Ti_oxides,REE_indicator
Vyalsovite,Vyalsovite,vyalsovite,1,Sulfides_and_analogues,Sulfides_misc,
Urvantsevite,Urvantsevite,urvantsevite,1,Sulfides_and_analogues,Pb_sulfides,
Thalfenisite,Thalfenisite,thalfenisite,1,Halides,Halides_other,Ni_bearing
Thalcusite,Thalcusite,thalcusite,1,Sulfides_and_analogues,Cu_sulfides_other,Cu_bearing
Tetra-auricupride,Tetra-auricupride,tetra-auricupride,1,Other_unknown,Other_accessory,Au_bearing;Cu_bearing
Telluropalladinite,Telluropalladinite,telluropalladinite,1,Sulfides_and_analogues,Sulfides_misc,
Stillwaterite,Stillwaterite,stillwaterite,1,Sulfides_and_analogues,Ni_Co_sulfides_arsenides,
Darapskite,Darapskite,darapskite,1,Carbonates_nitrates,Carbonates,
Pectolite,Pectolite,pectolite,1,Silicates,Other_silicates,
Nickelboussingaultite,Nickelboussingaultite,nickelboussingaultite,1,Sulfates_chromates_molybdates_tungstates,Sulfates_other,Ni_bearing
Bowlesite,Bowlesite,bowlesite,1,Sulfides_and_analogues,Sulfides_misc,
Penfieldite,Penfieldite,penfieldite,1,Halides,Halides_other,
Clinoferrosilite,Clinoferrosilite,clinoferrosilite,1,Silicates,Other_silicates,
Atheneite,Atheneite,atheneite,1,Sulfides_and_analogues,Ni_Co_sulfides_arsenides,
Sluzhenikinite,Sluzhenikinite,sluzhenikinite,1,Sulfides_and_analogues,As_Sb_Bi_sulfosalts,
Clinoungemachite,Clinoungemachite,clinoungemachite,1,Sulfates_chromates_molybdates_tungstates,Sulfates_other,
Thalhammerite,Thalhammerite,thalhammerite,1,Sulfosalts,As_Sb_Bi_sulfosalts,Ag_bearing
Vymazalováite,Vymazalováite,vymazalováite,1,Sulfosalts,As_Sb_Bi_sulfosalts,
Kravtsovite,Kravtsovite,kravtsovite,1,Sulfides_and_analogues,Sulfides_misc,Ag_bearing
Norilskite,Norilskite,norilskite,1,Other_unknown,Other_accessory,Ag_bearing
Genplesite,Genplesite,genplesite,1,Sulfates_chromates_molybdates_tungstates,Sulfates_other,
Misakiite,Misakiite,misakiite,1,Halides,Halides_other,Cu_bearing
Törnroosite,Törnroosite,törnroosite,1,Sulfosalts,Ni_Co_sulfides_arsenides,
Ferrovalleriite,Ferrovalleriite,ferrovalleriite,1,Sulfides_and_analogues,Cu_sulfides_other,Cu_bearing
Ferrotochilinite,Ferrotochilinite,ferrotochilinite,1,Sulfides_and_analogues,Sulfides_misc,
Pašavaite,Pašavaite,pašavaite,1,Sulfides_and_analogues,Pb_sulfides,
Meifuite,Meifuite,meifuite,1,Halides,Halides_other,
Yttrialite-(Y),Yttrialite,yttrialite,1,Silicates,Other_silicates,REE_indicator
Gittinsite,Gittinsite,gittinsite,1,Silicates,Other_silicates,
Erlichmanite,Erlichmanite,erlichmanite,1,Sulfides_and_analogues,Sulfides_misc,
Hongshiite,Hongshiite,hongshiite,1,Other_unknown,Other_accessory,Cu_bearing
Laurionite,Laurionite,laurionite,1,Halides,Halides_other,
Cotunnite,Cotunnite,cotunnite,1,Halides,Halides_other,
Rhodium,Rhodium,rhodium,1,Native_elements,Native_elements_misc,
Owensite,Owensite,owensite,1,Sulfides_and_analogues,Cu_sulfides_other,Cu_bearing;Ni_bearing
Tellurohauchecornite,Tellurohauchecornite,tellurohauchecornite,1,Sulfosalts,Ni_Co_sulfides_arsenides,Ni_bearing
Lawrencite,Lawrencite,lawrencite,1,Halides,Halides_other,
Woodallite,Woodallite,woodallite,1,Halides,Halides_other,
Mountkeithite,Mountkeithite,mountkeithite,1,Sulfates_chromates_molybdates_tungstates,Sulfates_other,
Konyaite,Konyaite,konyaite,1,Sulfates_chromates_molybdates_tungstates,Sulfates_other,
Hydrotalcite,Hydrotalcite,hydrotalcite,1,Carbonates_nitrates,Carbonates,
Huntite,Huntite,huntite,1,Carbonates_nitrates,Carbonates,
Davidite-(Ce),Davidite,davidite,1,Halides,Halides_fluorite,REE_indicator;U_Th_indicator
Crichtonite,Crichtonite,crichtonite,1,Oxides_hydroxides,Fe_oxides_hydroxides,REE_indicator;U_Th_indicator
Ruthenium,Ruthenium,ruthenium,1,Native_elements,Native_elements_misc,
Brownmillerite,Brownmillerite,brownmillerite,1,Oxides_hydroxides,Fe_oxides_hydroxides,
Muskoxite,Muskoxite,muskoxite,1,Oxides_hydroxides,Fe_oxides_hydroxides,
Zinc,Zinc,zinc,1,Native_elements,Native_elements_misc,
Spodumene,Spodumene,spodumene,1,Silicates,Other_silicates,
Padmaite,Padmaite,padmaite,1,Sulfosalts,As_Sb_Bi_sulfosalts,
Aschamalmite,Aschamalmite,aschamalmite,1,Sulfosalts,Pb_sulfides,
Sorosite,Sorosite,sorosite,1,Sulfides_and_analogues,Cu_sulfides_other,Cu_bearing
Bassanite,Bassanite,bassanite,1,Sulfates_chromates_molybdates_tungstates,Sulfates_other,
Zincobotryogen,Zincobotryogen,zincobotryogen,1,Sulfates_chromates_molybdates_tungstates,Sulfates_other,
Tritomite-(Y),Tritomite,tritomite,1,Silicates,Other_silicates,REE_indicator
Ramsbeckite,Ramsbeckite,ramsbeckite,1,Sulfates_chromates_molybdates_tungstates,Sulfates_other,Cu_bearing
Ludjibaite,Ludjibaite,ludjibaite,1,Phosphates_arsenates_vanadates,Phosphates_other,Cu_bearing
Cobaltarthurite,Cobaltarthurite,cobaltarthurite,1,Sulfates_chromates_molybdates_tungstates,Sulfates_other,Co_bearing
Birnessite,Birnessite,birnessite,1,Oxides_hydroxides,Mn_oxides,
Clinoenstatite,Clinoenstatite,clinoenstatite,1,Silicates,Other_silicates,
Clinoptilolite-K,Clinoptilolite-K,clinoptilolite-k,1,Silicates,Other_silicates,
Niter,Niter,niter,1,Carbonates_nitrates,Carbonates,
Cuproauride,Cuproauride,cuproauride,1,Other_unknown,Other_accessory,Au_bearing;Cu_bearing
Doyleite,Doyleite,doyleite,1,Oxides_hydroxides,Oxides_misc,
Vaterite,Vaterite,vaterite,1,Carbonates_nitrates,Carbonates,
Modderite,Modderite,modderite,1,Sulfides_and_analogues,Ni_Co_sulfides_arsenides,Co_bearing
Chevkinite-(Ce),Chevkinite,chevkinite,1,Silicates,Other_silicates,REE_indicator
Cheralite,Cheralite,cheralite,1,Phosphates_arsenates_vanadates,Phosphates_other,U_Th_indicator
Nitromagnesite,Nitromagnesite,nitromagnesite,1,Carbonates_nitrates,Carbonates,
Hentschelite,Hentschelite,hentschelite,1,Phosphates_arsenates_vanadates,Phosphates_other,Cu_bearing
Proudite,Proudite,proudite,1,Sulfosalts,Cu_sulfides_other,Cu_bearing
Palladogermanide,Palladogermanide,palladogermanide,1,Other_unknown,Other_accessory,
Potarite,Potarite,potarite,1,Other_unknown,Other_accessory,
Pseudomertieite,Pseudomertieite,pseudomertieite,1,Sulfides_and_analogues,Ni_Co_sulfides_arsenides,
Parisite-(Ce),Parisite,parisite,1,Carbonates_nitrates,Carbonates,REE_indicator
Manganosite,Manganosite,manganosite,1,Oxides_hydroxides,Mn_oxides,
Chernovite-(Y),Chernovite,chernovite,1,Sulfates_chromates_molybdates_tungstates,Sulfates_other,REE_indicator
Britholite-(Ce),Britholite,britholite,1,Silicates,Other_silicates,REE_indicator
Bellidoite,Bellidoite,bellidoite,1,Sulfides_and_analogues,Cu_sulfides_other,Cu_bearing
Barlowite,Barlowite,barlowite,1,Halides,Halides_fluorite,Cu_bearing
Cloncurryite,Cloncurryite,cloncurryite,1,Phosphates_arsenates_vanadates,Phosphates_other,Cu_bearing
Phurcalite,Phurcalite,phurcalite,1,Phosphates_arsenates_vanadates,Phosphates_other,U_Th_indicator
Creedite,Creedite,creedite,1,Sulfates_chromates_molybdates_tungstates,Sulfates_other,
Euxenite-(Y),Euxenite,euxenite,1,Oxides_hydroxides,Ti_oxides,REE_indicator;U_Th_indicator
Boracite,Boracite,boracite,1,Halides,Halides_other,
Berryite,Berryite,berryite,1,Sulfosalts,Cu_sulfides_other,Ag_bearing;Cu_bearing
Arcubisite,Arcubisite,arcubisite,1,Sulfosalts,Cu_sulfides_other,Ag_bearing;Cu_bearing
Prosopite,Prosopite,prosopite,1,Halides,Halides_fluorite,
Petersite-(Y),Petersite,petersite,1,Phosphates_arsenates_vanadates,REE_accessory,Cu_bearing;REE_indicator
Fluocerite-(Ce),Fluocerite,fluocerite,1,Halides,Halides_fluorite,REE_indicator
