Deposit_type,Macrostrat_lithology_status,count,group_total,percent_within_group,cohort,status_variable,grouping,continent_country,GLiM_lithology_status,age_status,coordinate_status
IOCG,other,15,90,16.666666666666668,full_model_1335,Macrostrat_lithology_status,Deposit_type,,,,
IOCG,resolved,67,90,74.44444444444444,full_model_1335,Macrostrat_lithology_status,Deposit_type,,,,
IOCG,unknown,8,90,8.88888888888889,full_model_1335,Macrostrat_lithology_status,Deposit_type,,,,
Magmatic sulfide,other,33,96,34.375,full_model_1335,Macrostrat_lithology_status,Deposit_type,,,,
Magmatic sulfide,resolved,48,96,50.0,full_model_1335,Macrostrat_lithology_status,Deposit_type,,,,
Magmatic sulfide,unknown,15,96,15.625,full_model_1335,Macrostrat_lithology_status,Deposit_type,,,,
Porphyry,other,225,612,36.76470588235294,full_model_1335,Macrostrat_lithology_status,Deposit_type,,,,
Porphyry,resolved,370,612,60.45751633986928,full_model_1335,Macrostrat_lithology_status,Deposit_type,,,,
Porphyry,unknown,17,612,2.7777777777777777,full_model_1335,Macrostrat_lithology_status,Deposit_type,,,,
Sediment-Hosted,other,45,159,28.30188679245283,full_model_1335,Macrostrat_lithology_status,Deposit_type,,,,
Sediment-Hosted,resolved,93,159,58.490566037735846,full_model_1335,Macrostrat_lithology_status,Deposit_type,,,,
Sediment-Hosted,unknown,21,159,13.20754716981132,full_model_1335,Macrostrat_lithology_status,Deposit_type,,,,
VMS,other,57,378,15.079365079365079,full_model_1335,Macrostrat_lithology_status,Deposit_type,,,,
VMS,resolved,282,378,74.60317460317461,full_model_1335,Macrostrat_lithology_status,Deposit_type,,,,
VMS,unknown,39,378,10.317460317460318,full_model_1335,Macrostrat_lithology_status,Deposit_type,,,,
,other,26,82,31.70731707317073,full_model_1335,Macrostrat_lithology_status,continent_country,Africa,,,
,resolved,52,82,63.41463414634146,full_model_1335,Macrostrat_lithology_status,continent_country,Africa,,,
,unknown,4,82,4.878048780487805,full_model_1335,Macrostrat_lithology_status,continent_country,Africa,,,
,other,195,376,51.861702127659576,full_model_1335,Macrostrat_lithology_status,continent_country,Asia,,,
,resolved,153,376,40.691489361702125,full_model_1335,Macrostrat_lithology_status,continent_country,Asia,,,
,unknown,28,376,7.446808510638298,full_model_1335,Macrostrat_lithology_status,continent_country,Asia,,,
,other,21,196,10.714285714285714,full_model_1335,Macrostrat_lithology_status,continent_country,Europe,,,
,resolved,150,196,76.53061224489795,full_model_1335,Macrostrat_lithology_status,continent_country,Europe,,,
,unknown,25,196,12.755102040816327,full_model_1335,Macrostrat_lithology_status,continent_country,Europe,,,
,other,22,394,5.583756345177665,full_model_1335,Macrostrat_lithology_status,continent_country,North America,,,
,resolved,343,394,87.05583756345177,full_model_1335,Macrostrat_lithology_status,continent_country,North America,,,
,unknown,29,394,7.3604060913705585,full_model_1335,Macrostrat_lithology_status,continent_country,North America,,,
,other,9,121,7.43801652892562,full_model_1335,Macrostrat_lithology_status,continent_country,Oceania,,,
,resolved,111,121,91.73553719008264,full_model_1335,Macrostrat_lithology_status,continent_country,Oceania,,,
,unknown,1,121,0.8264462809917356,full_model_1335,Macrostrat_lithology_status,continent_country,Oceania,,,
,other,102,165,61.81818181818182,full_model_1335,Macrostrat_lithology_status,continent_country,South America,,,
,resolved,51,165,30.90909090909091,full_model_1335,Macrostrat_lithology_status,continent_country,South America,,,
,unknown,12,165,7.2727272727272725,full_model_1335,Macrostrat_lithology_status,continent_country,South America,,,
,unknown,1,1,100.0,full_model_1335,Macrostrat_lithology_status,continent_country,Unknown,,,
IOCG,resolved,3,3,100.0,full_model_1335,Macrostrat_lithology_status,Deposit_type × continent_country,Africa,,,
IOCG,other,10,17,58.8235294117647,full_model_1335,Macrostrat_lithology_status,Deposit_type × continent_country,Asia,,,
IOCG,resolved,6,17,35.294117647058826,full_model_1335,Macrostrat_lithology_status,Deposit_type × continent_country,Asia,,,
IOCG,unknown,1,17,5.882352941176471,full_model_1335,Macrostrat_lithology_status,Deposit_type × continent_country,Asia,,,
IOCG,resolved,10,11,90.9090909090909,full_model_1335,Macrostrat_lithology_status,Deposit_type × continent_country,Europe,,,
IOCG,unknown,1,11,9.090909090909092,full_model_1335,Macrostrat_lithology_status,Deposit_type × continent_country,Europe,,,
IOCG,resolved,11,13,84.61538461538461,full_model_1335,Macrostrat_lithology_status,Deposit_type × continent_country,North America,,,
IOCG,unknown,2,13,15.384615384615385,full_model_1335,Macrostrat_lithology_status,Deposit_type × continent_country,North America,,,
IOCG,other,1,28,3.5714285714285716,full_model_1335,Macrostrat_lithology_status,Deposit_type × continent_country,Oceania,,,
IOCG,resolved,26,28,92.85714285714286,full_model_1335,Macrostrat_lithology_status,Deposit_type × continent_country,Oceania,,,
IOCG,unknown,1,28,3.5714285714285716,full_model_1335,Macrostrat_lithology_status,Deposit_type × continent_country,Oceania,,,
IOCG,other,4,18,22.22222222222222,full_model_1335,Macrostrat_lithology_status,Deposit_type × continent_country,South America,,,
IOCG,resolved,11,18,61.111111111111114,full_model_1335,Macrostrat_lithology_status,Deposit_type × continent_country,South America,,,
IOCG,unknown,3,18,16.666666666666668,full_model_1335,Macrostrat_lithology_status,Deposit_type × continent_country,South America,,,
Magmatic sulfide,resolved,17,19,89.47368421052632,full_model_1335,Macrostrat_lithology_status,Deposit_type × continent_country,Africa,,,
Magmatic sulfide,unknown,2,19,10.526315789473685,full_model_1335,Macrostrat_lithology_status,Deposit_type × continent_country,Africa,,,
Magmatic sulfide,other,30,47,63.829787234042556,full_model_1335,Macrostrat_lithology_status,Deposit_type × continent_country,Asia,,,
Magmatic sulfide,resolved,8,47,17.02127659574468,full_model_1335,Macrostrat_lithology_status,Deposit_type × continent_country,Asia,,,
Magmatic sulfide,unknown,9,47,19.148936170212767,full_model_1335,Macrostrat_lithology_status,Deposit_type × continent_country,Asia,,,
Magmatic sulfide,other,1,8,12.5,full_model_1335,Macrostrat_lithology_status,Deposit_type × continent_country,Europe,,,
Magmatic sulfide,resolved,3,8,37.5,full_model_1335,Macrostrat_lithology_status,Deposit_type × continent_country,Europe,,,
Magmatic sulfide,unknown,4,8,50.0,full_model_1335,Macrostrat_lithology_status,Deposit_type × continent_country,Europe,,,
Magmatic sulfide,other,2,18,11.11111111111111,full_model_1335,Macrostrat_lithology_status,Deposit_type × continent_country,North America,,,
Magmatic sulfide,resolved,16,18,88.88888888888889,full_model_1335,Macrostrat_lithology_status,Deposit_type × continent_country,North America,,,
Magmatic sulfide,resolved,4,4,100.0,full_model_1335,Macrostrat_lithology_status,Deposit_type × continent_country,Oceania,,,
Porphyry,resolved,3,3,100.0,full_model_1335,Macrostrat_lithology_status,Deposit_type × continent_country,Africa,,,
Porphyry,other,106,183,57.923497267759565,full_model_1335,Macrostrat_lithology_status,Deposit_type × continent_country,Asia,,,
Porphyry,resolved,76,183,41.53005464480874,full_model_1335,Macrostrat_lithology_status,Deposit_type × continent_country,Asia,,,
Porphyry,unknown,1,183,0.546448087431694,full_model_1335,Macrostrat_lithology_status,Deposit_type × continent_country,Asia,,,
Porphyry,other,12,68,17.647058823529413,full_model_1335,Macrostrat_lithology_status,Deposit_type × continent_country,Europe,,,
Porphyry,resolved,53,68,77.94117647058823,full_model_1335,Macrostrat_lithology_status,Deposit_type × continent_country,Europe,,,
Porphyry,unknown,3,68,4.411764705882353,full_model_1335,Macrostrat_lithology_status,Deposit_type × continent_country,Europe,,,
Porphyry,other,11,180,6.111111111111111,full_model_1335,Macrostrat_lithology_status,Deposit_type × continent_country,North America,,,
Porphyry,resolved,160,180,88.88888888888889,full_model_1335,Macrostrat_lithology_status,Deposit_type × continent_country,North America,,,
Porphyry,unknown,9,180,5.0,full_model_1335,Macrostrat_lithology_status,Deposit_type × continent_country,North America,,,
Porphyry,other,8,52,15.384615384615385,full_model_1335,Macrostrat_lithology_status,Deposit_type × continent_country,Oceania,,,
Porphyry,resolved,44,52,84.61538461538461,full_model_1335,Macrostrat_lithology_status,Deposit_type × continent_country,Oceania,,,
Porphyry,other,88,126,69.84126984126983,full_model_1335,Macrostrat_lithology_status,Deposit_type × continent_country,South America,,,
Porphyry,resolved,34,126,26.984126984126984,full_model_1335,Macrostrat_lithology_status,Deposit_type × continent_country,South America,,,
Porphyry,unknown,4,126,3.1746031746031744,full_model_1335,Macrostrat_lithology_status,Deposit_type × continent_country,South America,,,
Sediment-Hosted,other,24,55,43.63636363636363,full_model_1335,Macrostrat_lithology_status,Deposit_type × continent_country,Africa,,,
Sediment-Hosted,resolved,29,55,52.72727272727273,full_model_1335,Macrostrat_lithology_status,Deposit_type × continent_country,Africa,,,
Sediment-Hosted,unknown,2,55,3.6363636363636362,full_model_1335,Macrostrat_lithology_status,Deposit_type × continent_country,Africa,,,
Sediment-Hosted,other,10,29,34.48275862068966,full_model_1335,Macrostrat_lithology_status,Deposit_type × continent_country,Asia,,,
Sediment-Hosted,resolved,13,29,44.827586206896555,full_model_1335,Macrostrat_lithology_status,Deposit_type × continent_country,Asia,,,
Sediment-Hosted,unknown,6,29,20.689655172413794,full_model_1335,Macrostrat_lithology_status,Deposit_type × continent_country,Asia,,,
Sediment-Hosted,other,2,12,16.666666666666668,full_model_1335,Macrostrat_lithology_status,Deposit_type × continent_country,Europe,,,
Sediment-Hosted,resolved,9,12,75.0,full_model_1335,Macrostrat_lithology_status,Deposit_type × continent_country,Europe,,,
Sediment-Hosted,unknown,1,12,8.333333333333334,full_model_1335,Macrostrat_lithology_status,Deposit_type × continent_country,Europe,,,
Sediment-Hosted,other,3,34,8.823529411764707,full_model_1335,Macrostrat_lithology_status,Deposit_type × continent_country,North America,,,
Sediment-Hosted,resolved,24,34,70.58823529411765,full_model_1335,Macrostrat_lithology_status,Deposit_type × continent_country,North America,,,
Sediment-Hosted,unknown,7,34,20.58823529411765,full_model_1335,Macrostrat_lithology_status,Deposit_type × continent_country,North America,,,
Sediment-Hosted,resolved,14,14,100.0,full_model_1335,Macrostrat_lithology_status,Deposit_type × continent_country,Oceania,,,
Sediment-Hosted,other,6,14,42.857142857142854,full_model_1335,Macrostrat_lithology_status,Deposit_type × continent_country,South America,,,
Sediment-Hosted,resolved,4,14,28.571428571428573,full_model_1335,Macrostrat_lithology_status,Deposit_type × continent_country,South America,,,
Sediment-Hosted,unknown,4,14,28.571428571428573,full_model_1335,Macrostrat_lithology_status,Deposit_type × continent_country,South America,,,
Sediment-Hosted,unknown,1,1,100.0,full_model_1335,Macrostrat_lithology_status,Deposit_type × continent_country,Unknown,,,
VMS,other,2,2,100.0,full_model_1335,Macrostrat_lithology_status,Deposit_type × continent_country,Africa,,,
VMS,other,39,100,39.0,full_model_1335,Macrostrat_lithology_status,Deposit_type × continent_country,Asia,,,
VMS,resolved,50,100,50.0,full_model_1335,Macrostrat_lithology_status,Deposit_type × continent_country,Asia,,,
VMS,unknown,11,100,11.0,full_model_1335,Macrostrat_lithology_status,Deposit_type × continent_country,Asia,,,
VMS,other,6,97,6.185567010309279,full_model_1335,Macrostrat_lithology_status,Deposit_type × continent_country,Europe,,,
VMS,resolved,75,97,77.31958762886597,full_model_1335,Macrostrat_lithology_status,Deposit_type × continent_country,Europe,,,
VMS,unknown,16,97,16.49484536082474,full_model_1335,Macrostrat_lithology_status,Deposit_type × continent_country,Europe,,,
VMS,other,6,149,4.026845637583893,full_model_1335,Macrostrat_lithology_status,Deposit_type × continent_country,North America,,,
VMS,resolved,132,149,88.59060402684564,full_model_1335,Macrostrat_lithology_status,Deposit_type × continent_country,North America,,,
VMS,unknown,11,149,7.382550335570469,full_model_1335,Macrostrat_lithology_status,Deposit_type × continent_country,North America,,,
VMS,resolved,23,23,100.0,full_model_1335,Macrostrat_lithology_status,Deposit_type × continent_country,Oceania,,,
VMS,other,4,7,57.142857142857146,full_model_1335,Macrostrat_lithology_status,Deposit_type × continent_country,South America,,,
VMS,resolved,2,7,28.571428571428573,full_model_1335,Macrostrat_lithology_status,Deposit_type × continent_country,South America,,,
VMS,unknown,1,7,14.285714285714286,full_model_1335,Macrostrat_lithology_status,Deposit_type × continent_country,South America,,,
IOCG,,36,90,40.0,full_model_1335,GLiM_lithology_status,Deposit_type,,other,,
IOCG,,46,90,51.111111111111114,full_model_1335,GLiM_lithology_status,Deposit_type,,resolved,,
IOCG,,8,90,8.88888888888889,full_model_1335,GLiM_lithology_status,Deposit_type,,unknown,,
Magmatic sulfide,,19,96,19.791666666666668,full_model_1335,GLiM_lithology_status,Deposit_type,,other,,
Magmatic sulfide,,62,96,64.58333333333333,full_model_1335,GLiM_lithology_status,Deposit_type,,resolved,,
Magmatic sulfide,,15,96,15.625,full_model_1335,GLiM_lithology_status,Deposit_type,,unknown,,
Porphyry,,186,612,30.392156862745097,full_model_1335,GLiM_lithology_status,Deposit_type,,other,,
Porphyry,,404,612,66.01307189542484,full_model_1335,GLiM_lithology_status,Deposit_type,,resolved,,
Porphyry,,22,612,3.5947712418300655,full_model_1335,GLiM_lithology_status,Deposit_type,,unknown,,
Sediment-Hosted,,35,159,22.0125786163522,full_model_1335,GLiM_lithology_status,Deposit_type,,other,,
Sediment-Hosted,,102,159,64.15094339622641,full_model_1335,GLiM_lithology_status,Deposit_type,,resolved,,
Sediment-Hosted,,22,159,13.836477987421384,full_model_1335,GLiM_lithology_status,Deposit_type,,unknown,,
VMS,,54,378,14.285714285714286,full_model_1335,GLiM_lithology_status,Deposit_type,,other,,
VMS,,285,378,75.39682539682539,full_model_1335,GLiM_lithology_status,Deposit_type,,resolved,,
VMS,,39,378,10.317460317460318,full_model_1335,GLiM_lithology_status,Deposit_type,,unknown,,
,,1,82,1.2195121951219512,full_model_1335,GLiM_lithology_status,continent_country,Africa,other,,
,,77,82,93.90243902439025,full_model_1335,GLiM_lithology_status,continent_country,Africa,resolved,,
,,4,82,4.878048780487805,full_model_1335,GLiM_lithology_status,continent_country,Africa,unknown,,
,,132,376,35.1063829787234,full_model_1335,GLiM_lithology_status,continent_country,Asia,other,,
,,215,376,57.180851063829785,full_model_1335,GLiM_lithology_status,continent_country,Asia,resolved,,
,,29,376,7.712765957446808,full_model_1335,GLiM_lithology_status,continent_country,Asia,unknown,,
,,29,196,14.795918367346939,full_model_1335,GLiM_lithology_status,continent_country,Europe,other,,
,,138,196,70.40816326530613,full_model_1335,GLiM_lithology_status,continent_country,Europe,resolved,,
,,29,196,14.795918367346939,full_model_1335,GLiM_lithology_status,continent_country,Europe,unknown,,
,,72,394,18.274111675126903,full_model_1335,GLiM_lithology_status,continent_country,North America,other,,
,,292,394,74.11167512690355,full_model_1335,GLiM_lithology_status,continent_country,North America,resolved,,
,,30,394,7.614213197969543,full_model_1335,GLiM_lithology_status,continent_country,North America,unknown,,
,,56,121,46.28099173553719,full_model_1335,GLiM_lithology_status,continent_country,Oceania,other,,
,,64,121,52.892561983471076,full_model_1335,GLiM_lithology_status,continent_country,Oceania,resolved,,
,,1,121,0.8264462809917356,full_model_1335,GLiM_lithology_status,continent_country,Oceania,unknown,,
,,40,165,24.242424242424242,full_model_1335,GLiM_lithology_status,continent_country,South America,other,,
,,113,165,68.48484848484848,full_model_1335,GLiM_lithology_status,continent_country,South America,resolved,,
,,12,165,7.2727272727272725,full_model_1335,GLiM_lithology_status,continent_country,South America,unknown,,
,,1,1,100.0,full_model_1335,GLiM_lithology_status,continent_country,Unknown,unknown,,
IOCG,,3,3,100.0,full_model_1335,GLiM_lithology_status,Deposit_type × continent_country,Africa,resolved,,
IOCG,,7,17,41.1764705882353,full_model_1335,GLiM_lithology_status,Deposit_type × continent_country,Asia,other,,
IOCG,,9,17,52.94117647058823,full_model_1335,GLiM_lithology_status,Deposit_type × continent_country,Asia,resolved,,
IOCG,,1,17,5.882352941176471,full_model_1335,GLiM_lithology_status,Deposit_type × continent_country,Asia,unknown,,
IOCG,,1,11,9.090909090909092,full_model_1335,GLiM_lithology_status,Deposit_type × continent_country,Europe,other,,
IOCG,,9,11,81.81818181818181,full_model_1335,GLiM_lithology_status,Deposit_type × continent_country,Europe,resolved,,
IOCG,,1,11,9.090909090909092,full_model_1335,GLiM_lithology_status,Deposit_type × continent_country,Europe,unknown,,
IOCG,,6,13,46.15384615384615,full_model_1335,GLiM_lithology_status,Deposit_type × continent_country,North America,other,,
IOCG,,5,13,38.46153846153846,full_model_1335,GLiM_lithology_status,Deposit_type × continent_country,North America,resolved,,
IOCG,,2,13,15.384615384615385,full_model_1335,GLiM_lithology_status,Deposit_type × continent_country,North America,unknown,,
IOCG,,18,28,64.28571428571429,full_model_1335,GLiM_lithology_status,Deposit_type × continent_country,Oceania,other,,
IOCG,,9,28,32.142857142857146,full_model_1335,GLiM_lithology_status,Deposit_type × continent_country,Oceania,resolved,,
IOCG,,1,28,3.5714285714285716,full_model_1335,GLiM_lithology_status,Deposit_type × continent_country,Oceania,unknown,,
IOCG,,4,18,22.22222222222222,full_model_1335,GLiM_lithology_status,Deposit_type × continent_country,South America,other,,
IOCG,,11,18,61.111111111111114,full_model_1335,GLiM_lithology_status,Deposit_type × continent_country,South America,resolved,,
IOCG,,3,18,16.666666666666668,full_model_1335,GLiM_lithology_status,Deposit_type × continent_country,South America,unknown,,
Magmatic sulfide,,17,19,89.47368421052632,full_model_1335,GLiM_lithology_status,Deposit_type × continent_country,Africa,resolved,,
Magmatic sulfide,,2,19,10.526315789473685,full_model_1335,GLiM_lithology_status,Deposit_type × continent_country,Africa,unknown,,
Magmatic sulfide,,13,47,27.659574468085108,full_model_1335,GLiM_lithology_status,Deposit_type × continent_country,Asia,other,,
Magmatic sulfide,,25,47,53.191489361702125,full_model_1335,GLiM_lithology_status,Deposit_type × continent_country,Asia,resolved,,
Magmatic sulfide,,9,47,19.148936170212767,full_model_1335,GLiM_lithology_status,Deposit_type × continent_country,Asia,unknown,,
Magmatic sulfide,,1,8,12.5,full_model_1335,GLiM_lithology_status,Deposit_type × continent_country,Europe,other,,
Magmatic sulfide,,3,8,37.5,full_model_1335,GLiM_lithology_status,Deposit_type × continent_country,Europe,resolved,,
Magmatic sulfide,,4,8,50.0,full_model_1335,GLiM_lithology_status,Deposit_type × continent_country,Europe,unknown,,
Magmatic sulfide,,3,18,16.666666666666668,full_model_1335,GLiM_lithology_status,Deposit_type × continent_country,North America,other,,
Magmatic sulfide,,15,18,83.33333333333333,full_model_1335,GLiM_lithology_status,Deposit_type × continent_country,North America,resolved,,
Magmatic sulfide,,2,4,50.0,full_model_1335,GLiM_lithology_status,Deposit_type × continent_country,Oceania,other,,
Magmatic sulfide,,2,4,50.0,full_model_1335,GLiM_lithology_status,Deposit_type × continent_country,Oceania,resolved,,
Porphyry,,3,3,100.0,full_model_1335,GLiM_lithology_status,Deposit_type × continent_country,Africa,resolved,,
Porphyry,,79,183,43.169398907103826,full_model_1335,GLiM_lithology_status,Deposit_type × continent_country,Asia,other,,
Porphyry,,102,183,55.73770491803279,full_model_1335,GLiM_lithology_status,Deposit_type × continent_country,Asia,resolved,,
Porphyry,,2,183,1.092896174863388,full_model_1335,GLiM_lithology_status,Deposit_type × continent_country,Asia,unknown,,
Porphyry,,9,68,13.235294117647058,full_model_1335,GLiM_lithology_status,Deposit_type × continent_country,Europe,other,,
Porphyry,,53,68,77.94117647058823,full_model_1335,GLiM_lithology_status,Deposit_type × continent_country,Europe,resolved,,
Porphyry,,6,68,8.823529411764707,full_model_1335,GLiM_lithology_status,Deposit_type × continent_country,Europe,unknown,,
Porphyry,,48,180,26.666666666666668,full_model_1335,GLiM_lithology_status,Deposit_type × continent_country,North America,other,,
Porphyry,,122,180,67.77777777777777,full_model_1335,GLiM_lithology_status,Deposit_type × continent_country,North America,resolved,,
Porphyry,,10,180,5.555555555555555,full_model_1335,GLiM_lithology_status,Deposit_type × continent_country,North America,unknown,,
Porphyry,,19,52,36.53846153846154,full_model_1335,GLiM_lithology_status,Deposit_type × continent_country,Oceania,other,,
Porphyry,,33,52,63.46153846153846,full_model_1335,GLiM_lithology_status,Deposit_type × continent_country,Oceania,resolved,,
Porphyry,,31,126,24.603174603174605,full_model_1335,GLiM_lithology_status,Deposit_type × continent_country,South America,other,,
Porphyry,,91,126,72.22222222222223,full_model_1335,GLiM_lithology_status,Deposit_type × continent_country,South America,resolved,,
Porphyry,,4,126,3.1746031746031744,full_model_1335,GLiM_lithology_status,Deposit_type × continent_country,South America,unknown,,
Sediment-Hosted,,1,55,1.8181818181818181,full_model_1335,GLiM_lithology_status,Deposit_type × continent_country,Africa,other,,
Sediment-Hosted,,52,55,94.54545454545455,full_model_1335,GLiM_lithology_status,Deposit_type × continent_country,Africa,resolved,,
Sediment-Hosted,,2,55,3.6363636363636362,full_model_1335,GLiM_lithology_status,Deposit_type × continent_country,Africa,unknown,,
Sediment-Hosted,,11,29,37.93103448275862,full_model_1335,GLiM_lithology_status,Deposit_type × continent_country,Asia,other,,
Sediment-Hosted,,12,29,41.37931034482759,full_model_1335,GLiM_lithology_status,Deposit_type × continent_country,Asia,resolved,,
Sediment-Hosted,,6,29,20.689655172413794,full_model_1335,GLiM_lithology_status,Deposit_type × continent_country,Asia,unknown,,
Sediment-Hosted,,5,12,41.666666666666664,full_model_1335,GLiM_lithology_status,Deposit_type × continent_country,Europe,other,,
Sediment-Hosted,,5,12,41.666666666666664,full_model_1335,GLiM_lithology_status,Deposit_type × continent_country,Europe,resolved,,
Sediment-Hosted,,2,12,16.666666666666668,full_model_1335,GLiM_lithology_status,Deposit_type × continent_country,Europe,unknown,,
Sediment-Hosted,,6,34,17.647058823529413,full_model_1335,GLiM_lithology_status,Deposit_type × continent_country,North America,other,,
Sediment-Hosted,,21,34,61.76470588235294,full_model_1335,GLiM_lithology_status,Deposit_type × continent_country,North America,resolved,,
Sediment-Hosted,,7,34,20.58823529411765,full_model_1335,GLiM_lithology_status,Deposit_type × continent_country,North America,unknown,,
Sediment-Hosted,,8,14,57.142857142857146,full_model_1335,GLiM_lithology_status,Deposit_type × continent_country,Oceania,other,,
Sediment-Hosted,,6,14,42.857142857142854,full_model_1335,GLiM_lithology_status,Deposit_type × continent_country,Oceania,resolved,,
Sediment-Hosted,,4,14,28.571428571428573,full_model_1335,GLiM_lithology_status,Deposit_type × continent_country,South America,other,,
Sediment-Hosted,,6,14,42.857142857142854,full_model_1335,GLiM_lithology_status,Deposit_type × continent_country,South America,resolved,,
Sediment-Hosted,,4,14,28.571428571428573,full_model_1335,GLiM_lithology_status,Deposit_type × continent_country,South America,unknown,,
Sediment-Hosted,,1,1,100.0,full_model_1335,GLiM_lithology_status,Deposit_type × continent_country,Unknown,unknown,,
VMS,,2,2,100.0,full_model_1335,GLiM_lithology_status,Deposit_type × continent_country,Africa,resolved,,
VMS,,22,100,22.0,full_model_1335,GLiM_lithology_status,Deposit_type × continent_country,Asia,other,,
VMS,,67,100,67.0,full_model_1335,GLiM_lithology_status,Deposit_type × continent_country,Asia,resolved,,
VMS,,11,100,11.0,full_model_1335,GLiM_lithology_status,Deposit_type × continent_country,Asia,unknown,,
VMS,,13,97,13.402061855670103,full_model_1335,GLiM_lithology_status,Deposit_type × continent_country,Europe,other,,
VMS,,68,97,70.10309278350516,full_model_1335,GLiM_lithology_status,Deposit_type × continent_country,Europe,resolved,,
VMS,,16,97,16.49484536082474,full_model_1335,GLiM_lithology_status,Deposit_type × continent_country,Europe,unknown,,
VMS,,9,149,6.040268456375839,full_model_1335,GLiM_lithology_status,Deposit_type × continent_country,North America,other,,
VMS,,129,149,86.57718120805369,full_model_1335,GLiM_lithology_status,Deposit_type × continent_country,North America,resolved,,
VMS,,11,149,7.382550335570469,full_model_1335,GLiM_lithology_status,Deposit_type × continent_country,North America,unknown,,
VMS,,9,23,39.130434782608695,full_model_1335,GLiM_lithology_status,Deposit_type × continent_country,Oceania,other,,
VMS,,14,23,60.869565217391305,full_model_1335,GLiM_lithology_status,Deposit_type × continent_country,Oceania,resolved,,
VMS,,1,7,14.285714285714286,full_model_1335,GLiM_lithology_status,Deposit_type × continent_country,South America,other,,
VMS,,5,7,71.42857142857143,full_model_1335,GLiM_lithology_status,Deposit_type × continent_country,South America,resolved,,
VMS,,1,7,14.285714285714286,full_model_1335,GLiM_lithology_status,Deposit_type × continent_country,South America,unknown,,
IOCG,,30,90,33.333333333333336,full_model_1335,age_status,Deposit_type,,,resolved,
IOCG,,60,90,66.66666666666667,full_model_1335,age_status,Deposit_type,,,unknown,
Magmatic sulfide,,52,96,54.166666666666664,full_model_1335,age_status,Deposit_type,,,resolved,
Magmatic sulfide,,44,96,45.833333333333336,full_model_1335,age_status,Deposit_type,,,unknown,
Porphyry,,503,612,82.18954248366013,full_model_1335,age_status,Deposit_type,,,resolved,
Porphyry,,109,612,17.81045751633987,full_model_1335,age_status,Deposit_type,,,unknown,
Sediment-Hosted,,112,159,70.44025157232704,full_model_1335,age_status,Deposit_type,,,resolved,
Sediment-Hosted,,47,159,29.559748427672957,full_model_1335,age_status,Deposit_type,,,unknown,
VMS,,328,378,86.77248677248677,full_model_1335,age_status,Deposit_type,,,resolved,
VMS,,50,378,13.227513227513228,full_model_1335,age_status,Deposit_type,,,unknown,
,,60,82,73.17073170731707,full_model_1335,age_status,continent_country,Africa,,resolved,
,,22,82,26.829268292682926,full_model_1335,age_status,continent_country,Africa,,unknown,
,,287,376,76.32978723404256,full_model_1335,age_status,continent_country,Asia,,resolved,
,,89,376,23.670212765957448,full_model_1335,age_status,continent_country,Asia,,unknown,
,,150,196,76.53061224489795,full_model_1335,age_status,continent_country,Europe,,resolved,
,,46,196,23.46938775510204,full_model_1335,age_status,continent_country,Europe,,unknown,
,,304,394,77.15736040609137,full_model_1335,age_status,continent_country,North America,,resolved,
,,90,394,22.84263959390863,full_model_1335,age_status,continent_country,North America,,unknown,
,,97,121,80.16528925619835,full_model_1335,age_status,continent_country,Oceania,,resolved,
,,24,121,19.834710743801654,full_model_1335,age_status,continent_country,Oceania,,unknown,
,,127,165,76.96969696969697,full_model_1335,age_status,continent_country,South America,,resolved,
,,38,165,23.03030303030303,full_model_1335,age_status,continent_country,South America,,unknown,
,,1,1,100.0,full_model_1335,age_status,continent_country,Unknown,,unknown,
IOCG,,2,3,66.66666666666667,full_model_1335,age_status,Deposit_type × continent_country,Africa,,resolved,
IOCG,,1,3,33.333333333333336,full_model_1335,age_status,Deposit_type × continent_country,Africa,,unknown,
IOCG,,7,17,41.1764705882353,full_model_1335,age_status,Deposit_type × continent_country,Asia,,resolved,
IOCG,,10,17,58.8235294117647,full_model_1335,age_status,Deposit_type × continent_country,Asia,,unknown,
IOCG,,1,11,9.090909090909092,full_model_1335,age_status,Deposit_type × continent_country,Europe,,resolved,
IOCG,,10,11,90.9090909090909,full_model_1335,age_status,Deposit_type × continent_country,Europe,,unknown,
IOCG,,1,13,7.6923076923076925,full_model_1335,age_status,Deposit_type × continent_country,North America,,resolved,
IOCG,,12,13,92.3076923076923,full_model_1335,age_status,Deposit_type × continent_country,North America,,unknown,
IOCG,,14,28,50.0,full_model_1335,age_status,Deposit_type × continent_country,Oceania,,resolved,
IOCG,,14,28,50.0,full_model_1335,age_status,Deposit_type × continent_country,Oceania,,unknown,
IOCG,,5,18,27.77777777777778,full_model_1335,age_status,Deposit_type × continent_country,South America,,resolved,
IOCG,,13,18,72.22222222222223,full_model_1335,age_status,Deposit_type × continent_country,South America,,unknown,
Magmatic sulfide,,6,19,31.57894736842105,full_model_1335,age_status,Deposit_type × continent_country,Africa,,resolved,
Magmatic sulfide,,13,19,68.42105263157895,full_model_1335,age_status,Deposit_type × continent_country,Africa,,unknown,
Magmatic sulfide,,24,47,51.06382978723404,full_model_1335,age_status,Deposit_type × continent_country,Asia,,resolved,
Magmatic sulfide,,23,47,48.93617021276596,full_model_1335,age_status,Deposit_type × continent_country,Asia,,unknown,
Magmatic sulfide,,4,8,50.0,full_model_1335,age_status,Deposit_type × continent_country,Europe,,resolved,
Magmatic sulfide,,4,8,50.0,full_model_1335,age_status,Deposit_type × continent_country,Europe,,unknown,
Magmatic sulfide,,14,18,77.77777777777777,full_model_1335,age_status,Deposit_type × continent_country,North America,,resolved,
Magmatic sulfide,,4,18,22.22222222222222,full_model_1335,age_status,Deposit_type × continent_country,North America,,unknown,
Magmatic sulfide,,4,4,100.0,full_model_1335,age_status,Deposit_type × continent_country,Oceania,,resolved,
Porphyry,,3,3,100.0,full_model_1335,age_status,Deposit_type × continent_country,Africa,,resolved,
Porphyry,,148,183,80.8743169398907,full_model_1335,age_status,Deposit_type × continent_country,Asia,,resolved,
Porphyry,,35,183,19.12568306010929,full_model_1335,age_status,Deposit_type × continent_country,Asia,,unknown,
Porphyry,,58,68,85.29411764705883,full_model_1335,age_status,Deposit_type × continent_country,Europe,,resolved,
Porphyry,,10,68,14.705882352941176,full_model_1335,age_status,Deposit_type × continent_country,Europe,,unknown,
Porphyry,,140,180,77.77777777777777,full_model_1335,age_status,Deposit_type × continent_country,North America,,resolved,
Porphyry,,40,180,22.22222222222222,full_model_1335,age_status,Deposit_type × continent_country,North America,,unknown,
Porphyry,,46,52,88.46153846153847,full_model_1335,age_status,Deposit_type × continent_country,Oceania,,resolved,
Porphyry,,6,52,11.538461538461538,full_model_1335,age_status,Deposit_type × continent_country,Oceania,,unknown,
Porphyry,,108,126,85.71428571428571,full_model_1335,age_status,Deposit_type × continent_country,South America,,resolved,
Porphyry,,18,126,14.285714285714286,full_model_1335,age_status,Deposit_type × continent_country,South America,,unknown,
Sediment-Hosted,,47,55,85.45454545454545,full_model_1335,age_status,Deposit_type × continent_country,Africa,,resolved,
Sediment-Hosted,,8,55,14.545454545454545,full_model_1335,age_status,Deposit_type × continent_country,Africa,,unknown,
Sediment-Hosted,,22,29,75.86206896551724,full_model_1335,age_status,Deposit_type × continent_country,Asia,,resolved,
Sediment-Hosted,,7,29,24.137931034482758,full_model_1335,age_status,Deposit_type × continent_country,Asia,,unknown,
Sediment-Hosted,,9,12,75.0,full_model_1335,age_status,Deposit_type × continent_country,Europe,,resolved,
Sediment-Hosted,,3,12,25.0,full_model_1335,age_status,Deposit_type × continent_country,Europe,,unknown,
Sediment-Hosted,,12,34,35.294117647058826,full_model_1335,age_status,Deposit_type × continent_country,North America,,resolved,
Sediment-Hosted,,22,34,64.70588235294117,full_model_1335,age_status,Deposit_type × continent_country,North America,,unknown,
Sediment-Hosted,,13,14,92.85714285714286,full_model_1335,age_status,Deposit_type × continent_country,Oceania,,resolved,
Sediment-Hosted,,1,14,7.142857142857143,full_model_1335,age_status,Deposit_type × continent_country,Oceania,,unknown,
Sediment-Hosted,,9,14,64.28571428571429,full_model_1335,age_status,Deposit_type × continent_country,South America,,resolved,
Sediment-Hosted,,5,14,35.714285714285715,full_model_1335,age_status,Deposit_type × continent_country,South America,,unknown,
Sediment-Hosted,,1,1,100.0,full_model_1335,age_status,Deposit_type × continent_country,Unknown,,unknown,
VMS,,2,2,100.0,full_model_1335,age_status,Deposit_type × continent_country,Africa,,resolved,
VMS,,86,100,86.0,full_model_1335,age_status,Deposit_type × continent_country,Asia,,resolved,
VMS,,14,100,14.0,full_model_1335,age_status,Deposit_type × continent_country,Asia,,unknown,
VMS,,78,97,80.41237113402062,full_model_1335,age_status,Deposit_type × continent_country,Europe,,resolved,
VMS,,19,97,19.587628865979383,full_model_1335,age_status,Deposit_type × continent_country,Europe,,unknown,
VMS,,137,149,91.94630872483222,full_model_1335,age_status,Deposit_type × continent_country,North America,,resolved,
VMS,,12,149,8.053691275167786,full_model_1335,age_status,Deposit_type × continent_country,North America,,unknown,
VMS,,20,23,86.95652173913044,full_model_1335,age_status,Deposit_type × continent_country,Oceania,,resolved,
VMS,,3,23,13.043478260869565,full_model_1335,age_status,Deposit_type × continent_country,Oceania,,unknown,
VMS,,5,7,71.42857142857143,full_model_1335,age_status,Deposit_type × continent_country,South America,,resolved,
VMS,,2,7,28.571428571428573,full_model_1335,age_status,Deposit_type × continent_country,South America,,unknown,
IOCG,,8,90,8.88888888888889,full_model_1335,coordinate_status,Deposit_type,,,,missing_or_invalid
IOCG,,82,90,91.11111111111111,full_model_1335,coordinate_status,Deposit_type,,,,valid
Magmatic sulfide,,15,96,15.625,full_model_1335,coordinate_status,Deposit_type,,,,missing_or_invalid
Magmatic sulfide,,81,96,84.375,full_model_1335,coordinate_status,Deposit_type,,,,valid
Porphyry,,17,612,2.7777777777777777,full_model_1335,coordinate_status,Deposit_type,,,,missing_or_invalid
Porphyry,,595,612,97.22222222222223,full_model_1335,coordinate_status,Deposit_type,,,,valid
Sediment-Hosted,,21,159,13.20754716981132,full_model_1335,coordinate_status,Deposit_type,,,,missing_or_invalid
Sediment-Hosted,,138,159,86.79245283018868,full_model_1335,coordinate_status,Deposit_type,,,,valid
VMS,,37,378,9.788359788359788,full_model_1335,coordinate_status,Deposit_type,,,,missing_or_invalid
VMS,,341,378,90.21164021164022,full_model_1335,coordinate_status,Deposit_type,,,,valid
,,4,82,4.878048780487805,full_model_1335,coordinate_status,continent_country,Africa,,,missing_or_invalid
,,78,82,95.1219512195122,full_model_1335,coordinate_status,continent_country,Africa,,,valid
,,27,376,7.180851063829787,full_model_1335,coordinate_status,continent_country,Asia,,,missing_or_invalid
,,349,376,92.81914893617021,full_model_1335,coordinate_status,continent_country,Asia,,,valid
,,25,196,12.755102040816327,full_model_1335,coordinate_status,continent_country,Europe,,,missing_or_invalid
,,171,196,87.24489795918367,full_model_1335,coordinate_status,continent_country,Europe,,,valid
,,28,394,7.106598984771574,full_model_1335,coordinate_status,continent_country,North America,,,missing_or_invalid
,,366,394,92.89340101522842,full_model_1335,coordinate_status,continent_country,North America,,,valid
,,1,121,0.8264462809917356,full_model_1335,coordinate_status,continent_country,Oceania,,,missing_or_invalid
,,120,121,99.17355371900827,full_model_1335,coordinate_status,continent_country,Oceania,,,valid
,,12,165,7.2727272727272725,full_model_1335,coordinate_status,continent_country,South America,,,missing_or_invalid
,,153,165,92.72727272727273,full_model_1335,coordinate_status,continent_country,South America,,,valid
,,1,1,100.0,full_model_1335,coordinate_status,continent_country,Unknown,,,missing_or_invalid
IOCG,,3,3,100.0,full_model_1335,coordinate_status,Deposit_type × continent_country,Africa,,,valid
IOCG,,1,17,5.882352941176471,full_model_1335,coordinate_status,Deposit_type × continent_country,Asia,,,missing_or_invalid
IOCG,,16,17,94.11764705882354,full_model_1335,coordinate_status,Deposit_type × continent_country,Asia,,,valid
IOCG,,1,11,9.090909090909092,full_model_1335,coordinate_status,Deposit_type × continent_country,Europe,,,missing_or_invalid
IOCG,,10,11,90.9090909090909,full_model_1335,coordinate_status,Deposit_type × continent_country,Europe,,,valid
IOCG,,2,13,15.384615384615385,full_model_1335,coordinate_status,Deposit_type × continent_country,North America,,,missing_or_invalid
IOCG,,11,13,84.61538461538461,full_model_1335,coordinate_status,Deposit_type × continent_country,North America,,,valid
IOCG,,1,28,3.5714285714285716,full_model_1335,coordinate_status,Deposit_type × continent_country,Oceania,,,missing_or_invalid
IOCG,,27,28,96.42857142857143,full_model_1335,coordinate_status,Deposit_type × continent_country,Oceania,,,valid
IOCG,,3,18,16.666666666666668,full_model_1335,coordinate_status,Deposit_type × continent_country,South America,,,missing_or_invalid
IOCG,,15,18,83.33333333333333,full_model_1335,coordinate_status,Deposit_type × continent_country,South America,,,valid
Magmatic sulfide,,2,19,10.526315789473685,full_model_1335,coordinate_status,Deposit_type × continent_country,Africa,,,missing_or_invalid
Magmatic sulfide,,17,19,89.47368421052632,full_model_1335,coordinate_status,Deposit_type × continent_country,Africa,,,valid
Magmatic sulfide,,9,47,19.148936170212767,full_model_1335,coordinate_status,Deposit_type × continent_country,Asia,,,missing_or_invalid
Magmatic sulfide,,38,47,80.85106382978724,full_model_1335,coordinate_status,Deposit_type × continent_country,Asia,,,valid
Magmatic sulfide,,4,8,50.0,full_model_1335,coordinate_status,Deposit_type × continent_country,Europe,,,missing_or_invalid
Magmatic sulfide,,4,8,50.0,full_model_1335,coordinate_status,Deposit_type × continent_country,Europe,,,valid
Magmatic sulfide,,18,18,100.0,full_model_1335,coordinate_status,Deposit_type × continent_country,North America,,,valid
Magmatic sulfide,,4,4,100.0,full_model_1335,coordinate_status,Deposit_type × continent_country,Oceania,,,valid
Porphyry,,3,3,100.0,full_model_1335,coordinate_status,Deposit_type × continent_country,Africa,,,valid
Porphyry,,1,183,0.546448087431694,full_model_1335,coordinate_status,Deposit_type × continent_country,Asia,,,missing_or_invalid
Porphyry,,182,183,99.4535519125683,full_model_1335,coordinate_status,Deposit_type × continent_country,Asia,,,valid
Porphyry,,3,68,4.411764705882353,full_model_1335,coordinate_status,Deposit_type × continent_country,Europe,,,missing_or_invalid
Porphyry,,65,68,95.58823529411765,full_model_1335,coordinate_status,Deposit_type × continent_country,Europe,,,valid
Porphyry,,9,180,5.0,full_model_1335,coordinate_status,Deposit_type × continent_country,North America,,,missing_or_invalid
Porphyry,,171,180,95.0,full_model_1335,coordinate_status,Deposit_type × continent_country,North America,,,valid
Porphyry,,52,52,100.0,full_model_1335,coordinate_status,Deposit_type × continent_country,Oceania,,,valid
Porphyry,,4,126,3.1746031746031744,full_model_1335,coordinate_status,Deposit_type × continent_country,South America,,,missing_or_invalid
Porphyry,,122,126,96.82539682539682,full_model_1335,coordinate_status,Deposit_type × continent_country,South America,,,valid
Sediment-Hosted,,2,55,3.6363636363636362,full_model_1335,coordinate_status,Deposit_type × continent_country,Africa,,,missing_or_invalid
Sediment-Hosted,,53,55,96.36363636363636,full_model_1335,coordinate_status,Deposit_type × continent_country,Africa,,,valid
Sediment-Hosted,,6,29,20.689655172413794,full_model_1335,coordinate_status,Deposit_type × continent_country,Asia,,,missing_or_invalid
Sediment-Hosted,,23,29,79.3103448275862,full_model_1335,coordinate_status,Deposit_type × continent_country,Asia,,,valid
Sediment-Hosted,,1,12,8.333333333333334,full_model_1335,coordinate_status,Deposit_type × continent_country,Europe,,,missing_or_invalid
Sediment-Hosted,,11,12,91.66666666666667,full_model_1335,coordinate_status,Deposit_type × continent_country,Europe,,,valid
Sediment-Hosted,,7,34,20.58823529411765,full_model_1335,coordinate_status,Deposit_type × continent_country,North America,,,missing_or_invalid
Sediment-Hosted,,27,34,79.41176470588235,full_model_1335,coordinate_status,Deposit_type × continent_country,North America,,,valid
Sediment-Hosted,,14,14,100.0,full_model_1335,coordinate_status,Deposit_type × continent_country,Oceania,,,valid
Sediment-Hosted,,4,14,28.571428571428573,full_model_1335,coordinate_status,Deposit_type × continent_country,South America,,,missing_or_invalid
Sediment-Hosted,,10,14,71.42857142857143,full_model_1335,coordinate_status,Deposit_type × continent_country,South America,,,valid
Sediment-Hosted,,1,1,100.0,full_model_1335,coordinate_status,Deposit_type × continent_country,Unknown,,,missing_or_invalid
VMS,,2,2,100.0,full_model_1335,coordinate_status,Deposit_type × continent_country,Africa,,,valid
VMS,,10,100,10.0,full_model_1335,coordinate_status,Deposit_type × continent_country,Asia,,,missing_or_invalid
VMS,,90,100,90.0,full_model_1335,coordinate_status,Deposit_type × continent_country,Asia,,,valid
VMS,,16,97,16.49484536082474,full_model_1335,coordinate_status,Deposit_type × continent_country,Europe,,,missing_or_invalid
VMS,,81,97,83.50515463917526,full_model_1335,coordinate_status,Deposit_type × continent_country,Europe,,,valid
VMS,,10,149,6.7114093959731544,full_model_1335,coordinate_status,Deposit_type × continent_country,North America,,,missing_or_invalid
VMS,,139,149,93.28859060402685,full_model_1335,coordinate_status,Deposit_type × continent_country,North America,,,valid
VMS,,23,23,100.0,full_model_1335,coordinate_status,Deposit_type × continent_country,Oceania,,,valid
VMS,,1,7,14.285714285714286,full_model_1335,coordinate_status,Deposit_type × continent_country,South America,,,missing_or_invalid
VMS,,6,7,85.71428571428571,full_model_1335,coordinate_status,Deposit_type × continent_country,South America,,,valid
IOCG,other,15,82,18.29268292682927,coordinate_valid_1237,Macrostrat_lithology_status,Deposit_type,,,,
IOCG,resolved,67,82,81.70731707317073,coordinate_valid_1237,Macrostrat_lithology_status,Deposit_type,,,,
Magmatic sulfide,other,33,81,40.74074074074074,coordinate_valid_1237,Macrostrat_lithology_status,Deposit_type,,,,
Magmatic sulfide,resolved,48,81,59.25925925925926,coordinate_valid_1237,Macrostrat_lithology_status,Deposit_type,,,,
Porphyry,other,225,595,37.81512605042017,coordinate_valid_1237,Macrostrat_lithology_status,Deposit_type,,,,
Porphyry,resolved,370,595,62.18487394957983,coordinate_valid_1237,Macrostrat_lithology_status,Deposit_type,,,,
Sediment-Hosted,other,45,138,32.608695652173914,coordinate_valid_1237,Macrostrat_lithology_status,Deposit_type,,,,
Sediment-Hosted,resolved,93,138,67.3913043478261,coordinate_valid_1237,Macrostrat_lithology_status,Deposit_type,,,,
VMS,other,57,341,16.715542521994134,coordinate_valid_1237,Macrostrat_lithology_status,Deposit_type,,,,
VMS,resolved,282,341,82.69794721407625,coordinate_valid_1237,Macrostrat_lithology_status,Deposit_type,,,,
VMS,unknown,2,341,0.5865102639296188,coordinate_valid_1237,Macrostrat_lithology_status,Deposit_type,,,,
,other,26,78,33.333333333333336,coordinate_valid_1237,Macrostrat_lithology_status,continent_country,Africa,,,
,resolved,52,78,66.66666666666667,coordinate_valid_1237,Macrostrat_lithology_status,continent_country,Africa,,,
,other,195,349,55.873925501432666,coordinate_valid_1237,Macrostrat_lithology_status,continent_country,Asia,,,
,resolved,153,349,43.83954154727794,coordinate_valid_1237,Macrostrat_lithology_status,continent_country,Asia,,,
,unknown,1,349,0.28653295128939826,coordinate_valid_1237,Macrostrat_lithology_status,continent_country,Asia,,,
,other,21,171,12.280701754385966,coordinate_valid_1237,Macrostrat_lithology_status,continent_country,Europe,,,
,resolved,150,171,87.71929824561404,coordinate_valid_1237,Macrostrat_lithology_status,continent_country,Europe,,,
,other,22,366,6.0109289617486334,coordinate_valid_1237,Macrostrat_lithology_status,continent_country,North America,,,
,resolved,343,366,93.71584699453553,coordinate_valid_1237,Macrostrat_lithology_status,continent_country,North America,,,
,unknown,1,366,0.273224043715847,coordinate_valid_1237,Macrostrat_lithology_status,continent_country,North America,,,
,other,9,120,7.5,coordinate_valid_1237,Macrostrat_lithology_status,continent_country,Oceania,,,
,resolved,111,120,92.5,coordinate_valid_1237,Macrostrat_lithology_status,continent_country,Oceania,,,
,other,102,153,66.66666666666667,coordinate_valid_1237,Macrostrat_lithology_status,continent_country,South America,,,
,resolved,51,153,33.333333333333336,coordinate_valid_1237,Macrostrat_lithology_status,continent_country,South America,,,
IOCG,resolved,3,3,100.0,coordinate_valid_1237,Macrostrat_lithology_status,Deposit_type × continent_country,Africa,,,
IOCG,other,10,16,62.5,coordinate_valid_1237,Macrostrat_lithology_status,Deposit_type × continent_country,Asia,,,
IOCG,resolved,6,16,37.5,coordinate_valid_1237,Macrostrat_lithology_status,Deposit_type × continent_country,Asia,,,
IOCG,resolved,10,10,100.0,coordinate_valid_1237,Macrostrat_lithology_status,Deposit_type × continent_country,Europe,,,
IOCG,resolved,11,11,100.0,coordinate_valid_1237,Macrostrat_lithology_status,Deposit_type × continent_country,North America,,,
IOCG,other,1,27,3.7037037037037037,coordinate_valid_1237,Macrostrat_lithology_status,Deposit_type × continent_country,Oceania,,,
IOCG,resolved,26,27,96.29629629629629,coordinate_valid_1237,Macrostrat_lithology_status,Deposit_type × continent_country,Oceania,,,
IOCG,other,4,15,26.666666666666668,coordinate_valid_1237,Macrostrat_lithology_status,Deposit_type × continent_country,South America,,,
IOCG,resolved,11,15,73.33333333333333,coordinate_valid_1237,Macrostrat_lithology_status,Deposit_type × continent_country,South America,,,
Magmatic sulfide,resolved,17,17,100.0,coordinate_valid_1237,Macrostrat_lithology_status,Deposit_type × continent_country,Africa,,,
Magmatic sulfide,other,30,38,78.94736842105263,coordinate_valid_1237,Macrostrat_lithology_status,Deposit_type × continent_country,Asia,,,
Magmatic sulfide,resolved,8,38,21.05263157894737,coordinate_valid_1237,Macrostrat_lithology_status,Deposit_type × continent_country,Asia,,,
Magmatic sulfide,other,1,4,25.0,coordinate_valid_1237,Macrostrat_lithology_status,Deposit_type × continent_country,Europe,,,
Magmatic sulfide,resolved,3,4,75.0,coordinate_valid_1237,Macrostrat_lithology_status,Deposit_type × continent_country,Europe,,,
Magmatic sulfide,other,2,18,11.11111111111111,coordinate_valid_1237,Macrostrat_lithology_status,Deposit_type × continent_country,North America,,,
Magmatic sulfide,resolved,16,18,88.88888888888889,coordinate_valid_1237,Macrostrat_lithology_status,Deposit_type × continent_country,North America,,,
Magmatic sulfide,resolved,4,4,100.0,coordinate_valid_1237,Macrostrat_lithology_status,Deposit_type × continent_country,Oceania,,,
Porphyry,resolved,3,3,100.0,coordinate_valid_1237,Macrostrat_lithology_status,Deposit_type × continent_country,Africa,,,
Porphyry,other,106,182,58.24175824175824,coordinate_valid_1237,Macrostrat_lithology_status,Deposit_type × continent_country,Asia,,,
Porphyry,resolved,76,182,41.75824175824176,coordinate_valid_1237,Macrostrat_lithology_status,Deposit_type × continent_country,Asia,,,
Porphyry,other,12,65,18.46153846153846,coordinate_valid_1237,Macrostrat_lithology_status,Deposit_type × continent_country,Europe,,,
Porphyry,resolved,53,65,81.53846153846153,coordinate_valid_1237,Macrostrat_lithology_status,Deposit_type × continent_country,Europe,,,
Porphyry,other,11,171,6.432748538011696,coordinate_valid_1237,Macrostrat_lithology_status,Deposit_type × continent_country,North America,,,
Porphyry,resolved,160,171,93.5672514619883,coordinate_valid_1237,Macrostrat_lithology_status,Deposit_type × continent_country,North America,,,
Porphyry,other,8,52,15.384615384615385,coordinate_valid_1237,Macrostrat_lithology_status,Deposit_type × continent_country,Oceania,,,
Porphyry,resolved,44,52,84.61538461538461,coordinate_valid_1237,Macrostrat_lithology_status,Deposit_type × continent_country,Oceania,,,
Porphyry,other,88,122,72.1311475409836,coordinate_valid_1237,Macrostrat_lithology_status,Deposit_type × continent_country,South America,,,
Porphyry,resolved,34,122,27.868852459016395,coordinate_valid_1237,Macrostrat_lithology_status,Deposit_type × continent_country,South America,,,
Sediment-Hosted,other,24,53,45.283018867924525,coordinate_valid_1237,Macrostrat_lithology_status,Deposit_type × continent_country,Africa,,,
Sediment-Hosted,resolved,29,53,54.716981132075475,coordinate_valid_1237,Macrostrat_lithology_status,Deposit_type × continent_country,Africa,,,
Sediment-Hosted,other,10,23,43.47826086956522,coordinate_valid_1237,Macrostrat_lithology_status,Deposit_type × continent_country,Asia,,,
Sediment-Hosted,resolved,13,23,56.52173913043478,coordinate_valid_1237,Macrostrat_lithology_status,Deposit_type × continent_country,Asia,,,
Sediment-Hosted,other,2,11,18.181818181818183,coordinate_valid_1237,Macrostrat_lithology_status,Deposit_type × continent_country,Europe,,,
Sediment-Hosted,resolved,9,11,81.81818181818181,coordinate_valid_1237,Macrostrat_lithology_status,Deposit_type × continent_country,Europe,,,
Sediment-Hosted,other,3,27,11.11111111111111,coordinate_valid_1237,Macrostrat_lithology_status,Deposit_type × continent_country,North America,,,
Sediment-Hosted,resolved,24,27,88.88888888888889,coordinate_valid_1237,Macrostrat_lithology_status,Deposit_type × continent_country,North America,,,
Sediment-Hosted,resolved,14,14,100.0,coordinate_valid_1237,Macrostrat_lithology_status,Deposit_type × continent_country,Oceania,,,
Sediment-Hosted,other,6,10,60.0,coordinate_valid_1237,Macrostrat_lithology_status,Deposit_type × continent_country,South America,,,
Sediment-Hosted,resolved,4,10,40.0,coordinate_valid_1237,Macrostrat_lithology_status,Deposit_type × continent_country,South America,,,
VMS,other,2,2,100.0,coordinate_valid_1237,Macrostrat_lithology_status,Deposit_type × continent_country,Africa,,,
VMS,other,39,90,43.333333333333336,coordinate_valid_1237,Macrostrat_lithology_status,Deposit_type × continent_country,Asia,,,
VMS,resolved,50,90,55.55555555555556,coordinate_valid_1237,Macrostrat_lithology_status,Deposit_type × continent_country,Asia,,,
VMS,unknown,1,90,1.1111111111111112,coordinate_valid_1237,Macrostrat_lithology_status,Deposit_type × continent_country,Asia,,,
VMS,other,6,81,7.407407407407407,coordinate_valid_1237,Macrostrat_lithology_status,Deposit_type × continent_country,Europe,,,
VMS,resolved,75,81,92.5925925925926,coordinate_valid_1237,Macrostrat_lithology_status,Deposit_type × continent_country,Europe,,,
VMS,other,6,139,4.316546762589928,coordinate_valid_1237,Macrostrat_lithology_status,Deposit_type × continent_country,North America,,,
VMS,resolved,132,139,94.96402877697842,coordinate_valid_1237,Macrostrat_lithology_status,Deposit_type × continent_country,North America,,,
VMS,unknown,1,139,0.7194244604316546,coordinate_valid_1237,Macrostrat_lithology_status,Deposit_type × continent_country,North America,,,
VMS,resolved,23,23,100.0,coordinate_valid_1237,Macrostrat_lithology_status,Deposit_type × continent_country,Oceania,,,
VMS,other,4,6,66.66666666666667,coordinate_valid_1237,Macrostrat_lithology_status,Deposit_type × continent_country,South America,,,
VMS,resolved,2,6,33.333333333333336,coordinate_valid_1237,Macrostrat_lithology_status,Deposit_type × continent_country,South America,,,
IOCG,,36,82,43.90243902439025,coordinate_valid_1237,GLiM_lithology_status,Deposit_type,,other,,
IOCG,,46,82,56.09756097560975,coordinate_valid_1237,GLiM_lithology_status,Deposit_type,,resolved,,
Magmatic sulfide,,19,81,23.45679012345679,coordinate_valid_1237,GLiM_lithology_status,Deposit_type,,other,,
Magmatic sulfide,,62,81,76.54320987654322,coordinate_valid_1237,GLiM_lithology_status,Deposit_type,,resolved,,
Porphyry,,186,595,31.26050420168067,coordinate_valid_1237,GLiM_lithology_status,Deposit_type,,other,,
Porphyry,,404,595,67.89915966386555,coordinate_valid_1237,GLiM_lithology_status,Deposit_type,,resolved,,
Porphyry,,5,595,0.8403361344537815,coordinate_valid_1237,GLiM_lithology_status,Deposit_type,,unknown,,
Sediment-Hosted,,35,138,25.36231884057971,coordinate_valid_1237,GLiM_lithology_status,Deposit_type,,other,,
Sediment-Hosted,,102,138,73.91304347826087,coordinate_valid_1237,GLiM_lithology_status,Deposit_type,,resolved,,
Sediment-Hosted,,1,138,0.7246376811594203,coordinate_valid_1237,GLiM_lithology_status,Deposit_type,,unknown,,
VMS,,54,341,15.835777126099707,coordinate_valid_1237,GLiM_lithology_status,Deposit_type,,other,,
VMS,,285,341,83.57771260997067,coordinate_valid_1237,GLiM_lithology_status,Deposit_type,,resolved,,
VMS,,2,341,0.5865102639296188,coordinate_valid_1237,GLiM_lithology_status,Deposit_type,,unknown,,
,,1,78,1.2820512820512822,coordinate_valid_1237,GLiM_lithology_status,continent_country,Africa,other,,
,,77,78,98.71794871794872,coordinate_valid_1237,GLiM_lithology_status,continent_country,Africa,resolved,,
,,132,349,37.82234957020057,coordinate_valid_1237,GLiM_lithology_status,continent_country,Asia,other,,
,,215,349,61.60458452722063,coordinate_valid_1237,GLiM_lithology_status,continent_country,Asia,resolved,,
,,2,349,0.5730659025787965,coordinate_valid_1237,GLiM_lithology_status,continent_country,Asia,unknown,,
,,29,171,16.95906432748538,coordinate_valid_1237,GLiM_lithology_status,continent_country,Europe,other,,
,,138,171,80.70175438596492,coordinate_valid_1237,GLiM_lithology_status,continent_country,Europe,resolved,,
,,4,171,2.3391812865497075,coordinate_valid_1237,GLiM_lithology_status,continent_country,Europe,unknown,,
,,72,366,19.672131147540984,coordinate_valid_1237,GLiM_lithology_status,continent_country,North America,other,,
,,292,366,79.78142076502732,coordinate_valid_1237,GLiM_lithology_status,continent_country,North America,resolved,,
,,2,366,0.546448087431694,coordinate_valid_1237,GLiM_lithology_status,continent_country,North America,unknown,,
,,56,120,46.666666666666664,coordinate_valid_1237,GLiM_lithology_status,continent_country,Oceania,other,,
,,64,120,53.333333333333336,coordinate_valid_1237,GLiM_lithology_status,continent_country,Oceania,resolved,,
,,40,153,26.143790849673202,coordinate_valid_1237,GLiM_lithology_status,continent_country,South America,other,,
,,113,153,73.85620915032679,coordinate_valid_1237,GLiM_lithology_status,continent_country,South America,resolved,,
IOCG,,3,3,100.0,coordinate_valid_1237,GLiM_lithology_status,Deposit_type × continent_country,Africa,resolved,,
IOCG,,7,16,43.75,coordinate_valid_1237,GLiM_lithology_status,Deposit_type × continent_country,Asia,other,,
IOCG,,9,16,56.25,coordinate_valid_1237,GLiM_lithology_status,Deposit_type × continent_country,Asia,resolved,,
IOCG,,1,10,10.0,coordinate_valid_1237,GLiM_lithology_status,Deposit_type × continent_country,Europe,other,,
IOCG,,9,10,90.0,coordinate_valid_1237,GLiM_lithology_status,Deposit_type × continent_country,Europe,resolved,,
IOCG,,6,11,54.54545454545455,coordinate_valid_1237,GLiM_lithology_status,Deposit_type × continent_country,North America,other,,
IOCG,,5,11,45.45454545454545,coordinate_valid_1237,GLiM_lithology_status,Deposit_type × continent_country,North America,resolved,,
IOCG,,18,27,66.66666666666667,coordinate_valid_1237,GLiM_lithology_status,Deposit_type × continent_country,Oceania,other,,
IOCG,,9,27,33.333333333333336,coordinate_valid_1237,GLiM_lithology_status,Deposit_type × continent_country,Oceania,resolved,,
IOCG,,4,15,26.666666666666668,coordinate_valid_1237,GLiM_lithology_status,Deposit_type × continent_country,South America,other,,
IOCG,,11,15,73.33333333333333,coordinate_valid_1237,GLiM_lithology_status,Deposit_type × continent_country,South America,resolved,,
Magmatic sulfide,,17,17,100.0,coordinate_valid_1237,GLiM_lithology_status,Deposit_type × continent_country,Africa,resolved,,
Magmatic sulfide,,13,38,34.21052631578947,coordinate_valid_1237,GLiM_lithology_status,Deposit_type × continent_country,Asia,other,,
Magmatic sulfide,,25,38,65.78947368421052,coordinate_valid_1237,GLiM_lithology_status,Deposit_type × continent_country,Asia,resolved,,
Magmatic sulfide,,1,4,25.0,coordinate_valid_1237,GLiM_lithology_status,Deposit_type × continent_country,Europe,other,,
Magmatic sulfide,,3,4,75.0,coordinate_valid_1237,GLiM_lithology_status,Deposit_type × continent_country,Europe,resolved,,
Magmatic sulfide,,3,18,16.666666666666668,coordinate_valid_1237,GLiM_lithology_status,Deposit_type × continent_country,North America,other,,
Magmatic sulfide,,15,18,83.33333333333333,coordinate_valid_1237,GLiM_lithology_status,Deposit_type × continent_country,North America,resolved,,
Magmatic sulfide,,2,4,50.0,coordinate_valid_1237,GLiM_lithology_status,Deposit_type × continent_country,Oceania,other,,
Magmatic sulfide,,2,4,50.0,coordinate_valid_1237,GLiM_lithology_status,Deposit_type × continent_country,Oceania,resolved,,
Porphyry,,3,3,100.0,coordinate_valid_1237,GLiM_lithology_status,Deposit_type × continent_country,Africa,resolved,,
Porphyry,,79,182,43.40659340659341,coordinate_valid_1237,GLiM_lithology_status,Deposit_type × continent_country,Asia,other,,
Porphyry,,102,182,56.043956043956044,coordinate_valid_1237,GLiM_lithology_status,Deposit_type × continent_country,Asia,resolved,,
Porphyry,,1,182,0.5494505494505495,coordinate_valid_1237,GLiM_lithology_status,Deposit_type × continent_country,Asia,unknown,,
Porphyry,,9,65,13.846153846153847,coordinate_valid_1237,GLiM_lithology_status,Deposit_type × continent_country,Europe,other,,
Porphyry,,53,65,81.53846153846153,coordinate_valid_1237,GLiM_lithology_status,Deposit_type × continent_country,Europe,resolved,,
Porphyry,,3,65,4.615384615384615,coordinate_valid_1237,GLiM_lithology_status,Deposit_type × continent_country,Europe,unknown,,
Porphyry,,48,171,28.07017543859649,coordinate_valid_1237,GLiM_lithology_status,Deposit_type × continent_country,North America,other,,
Porphyry,,122,171,71.34502923976608,coordinate_valid_1237,GLiM_lithology_status,Deposit_type × continent_country,North America,resolved,,
Porphyry,,1,171,0.5847953216374269,coordinate_valid_1237,GLiM_lithology_status,Deposit_type × continent_country,North America,unknown,,
Porphyry,,19,52,36.53846153846154,coordinate_valid_1237,GLiM_lithology_status,Deposit_type × continent_country,Oceania,other,,
Porphyry,,33,52,63.46153846153846,coordinate_valid_1237,GLiM_lithology_status,Deposit_type × continent_country,Oceania,resolved,,
Porphyry,,31,122,25.40983606557377,coordinate_valid_1237,GLiM_lithology_status,Deposit_type × continent_country,South America,other,,
Porphyry,,91,122,74.59016393442623,coordinate_valid_1237,GLiM_lithology_status,Deposit_type × continent_country,South America,resolved,,
Sediment-Hosted,,1,53,1.8867924528301887,coordinate_valid_1237,GLiM_lithology_status,Deposit_type × continent_country,Africa,other,,
Sediment-Hosted,,52,53,98.11320754716981,coordinate_valid_1237,GLiM_lithology_status,Deposit_type × continent_country,Africa,resolved,,
Sediment-Hosted,,11,23,47.82608695652174,coordinate_valid_1237,GLiM_lithology_status,Deposit_type × continent_country,Asia,other,,
Sediment-Hosted,,12,23,52.17391304347826,coordinate_valid_1237,GLiM_lithology_status,Deposit_type × continent_country,Asia,resolved,,
Sediment-Hosted,,5,11,45.45454545454545,coordinate_valid_1237,GLiM_lithology_status,Deposit_type × continent_country,Europe,other,,
Sediment-Hosted,,5,11,45.45454545454545,coordinate_valid_1237,GLiM_lithology_status,Deposit_type × continent_country,Europe,resolved,,
Sediment-Hosted,,1,11,9.090909090909092,coordinate_valid_1237,GLiM_lithology_status,Deposit_type × continent_country,Europe,unknown,,
Sediment-Hosted,,6,27,22.22222222222222,coordinate_valid_1237,GLiM_lithology_status,Deposit_type × continent_country,North America,other,,
Sediment-Hosted,,21,27,77.77777777777777,coordinate_valid_1237,GLiM_lithology_status,Deposit_type × continent_country,North America,resolved,,
Sediment-Hosted,,8,14,57.142857142857146,coordinate_valid_1237,GLiM_lithology_status,Deposit_type × continent_country,Oceania,other,,
Sediment-Hosted,,6,14,42.857142857142854,coordinate_valid_1237,GLiM_lithology_status,Deposit_type × continent_country,Oceania,resolved,,
Sediment-Hosted,,4,10,40.0,coordinate_valid_1237,GLiM_lithology_status,Deposit_type × continent_country,South America,other,,
Sediment-Hosted,,6,10,60.0,coordinate_valid_1237,GLiM_lithology_status,Deposit_type × continent_country,South America,resolved,,
VMS,,2,2,100.0,coordinate_valid_1237,GLiM_lithology_status,Deposit_type × continent_country,Africa,resolved,,
VMS,,22,90,24.444444444444443,coordinate_valid_1237,GLiM_lithology_status,Deposit_type × continent_country,Asia,other,,
VMS,,67,90,74.44444444444444,coordinate_valid_1237,GLiM_lithology_status,Deposit_type × continent_country,Asia,resolved,,
VMS,,1,90,1.1111111111111112,coordinate_valid_1237,GLiM_lithology_status,Deposit_type × continent_country,Asia,unknown,,
VMS,,13,81,16.049382716049383,coordinate_valid_1237,GLiM_lithology_status,Deposit_type × continent_country,Europe,other,,
VMS,,68,81,83.95061728395062,coordinate_valid_1237,GLiM_lithology_status,Deposit_type × continent_country,Europe,resolved,,
VMS,,9,139,6.474820143884892,coordinate_valid_1237,GLiM_lithology_status,Deposit_type × continent_country,North America,other,,
VMS,,129,139,92.80575539568345,coordinate_valid_1237,GLiM_lithology_status,Deposit_type × continent_country,North America,resolved,,
VMS,,1,139,0.7194244604316546,coordinate_valid_1237,GLiM_lithology_status,Deposit_type × continent_country,North America,unknown,,
VMS,,9,23,39.130434782608695,coordinate_valid_1237,GLiM_lithology_status,Deposit_type × continent_country,Oceania,other,,
VMS,,14,23,60.869565217391305,coordinate_valid_1237,GLiM_lithology_status,Deposit_type × continent_country,Oceania,resolved,,
VMS,,1,6,16.666666666666668,coordinate_valid_1237,GLiM_lithology_status,Deposit_type × continent_country,South America,other,,
VMS,,5,6,83.33333333333333,coordinate_valid_1237,GLiM_lithology_status,Deposit_type × continent_country,South America,resolved,,
IOCG,,27,82,32.926829268292686,coordinate_valid_1237,age_status,Deposit_type,,,resolved,
IOCG,,55,82,67.07317073170732,coordinate_valid_1237,age_status,Deposit_type,,,unknown,
Magmatic sulfide,,46,81,56.79012345679013,coordinate_valid_1237,age_status,Deposit_type,,,resolved,
Magmatic sulfide,,35,81,43.20987654320987,coordinate_valid_1237,age_status,Deposit_type,,,unknown,
Porphyry,,493,595,82.85714285714286,coordinate_valid_1237,age_status,Deposit_type,,,resolved,
Porphyry,,102,595,17.142857142857142,coordinate_valid_1237,age_status,Deposit_type,,,unknown,
Sediment-Hosted,,104,138,75.3623188405797,coordinate_valid_1237,age_status,Deposit_type,,,resolved,
Sediment-Hosted,,34,138,24.63768115942029,coordinate_valid_1237,age_status,Deposit_type,,,unknown,
VMS,,302,341,88.56304985337243,coordinate_valid_1237,age_status,Deposit_type,,,resolved,
VMS,,39,341,11.436950146627566,coordinate_valid_1237,age_status,Deposit_type,,,unknown,
,,58,78,74.35897435897436,coordinate_valid_1237,age_status,continent_country,Africa,,resolved,
,,20,78,25.641025641025642,coordinate_valid_1237,age_status,continent_country,Africa,,unknown,
,,274,349,78.51002865329512,coordinate_valid_1237,age_status,continent_country,Asia,,resolved,
,,75,349,21.48997134670487,coordinate_valid_1237,age_status,continent_country,Asia,,unknown,
,,136,171,79.53216374269006,coordinate_valid_1237,age_status,continent_country,Europe,,resolved,
,,35,171,20.46783625730994,coordinate_valid_1237,age_status,continent_country,Europe,,unknown,
,,287,366,78.4153005464481,coordinate_valid_1237,age_status,continent_country,North America,,resolved,
,,79,366,21.584699453551913,coordinate_valid_1237,age_status,continent_country,North America,,unknown,
,,96,120,80.0,coordinate_valid_1237,age_status,continent_country,Oceania,,resolved,
,,24,120,20.0,coordinate_valid_1237,age_status,continent_country,Oceania,,unknown,
,,121,153,79.08496732026144,coordinate_valid_1237,age_status,continent_country,South America,,resolved,
,,32,153,20.915032679738562,coordinate_valid_1237,age_status,continent_country,South America,,unknown,
IOCG,,2,3,66.66666666666667,coordinate_valid_1237,age_status,Deposit_type × continent_country,Africa,,resolved,
IOCG,,1,3,33.333333333333336,coordinate_valid_1237,age_status,Deposit_type × continent_country,Africa,,unknown,
IOCG,,6,16,37.5,coordinate_valid_1237,age_status,Deposit_type × continent_country,Asia,,resolved,
IOCG,,10,16,62.5,coordinate_valid_1237,age_status,Deposit_type × continent_country,Asia,,unknown,
IOCG,,1,10,10.0,coordinate_valid_1237,age_status,Deposit_type × continent_country,Europe,,resolved,
IOCG,,9,10,90.0,coordinate_valid_1237,age_status,Deposit_type × continent_country,Europe,,unknown,
IOCG,,11,11,100.0,coordinate_valid_1237,age_status,Deposit_type × continent_country,North America,,unknown,
IOCG,,13,27,48.148148148148145,coordinate_valid_1237,age_status,Deposit_type × continent_country,Oceania,,resolved,
IOCG,,14,27,51.851851851851855,coordinate_valid_1237,age_status,Deposit_type × continent_country,Oceania,,unknown,
IOCG,,5,15,33.333333333333336,coordinate_valid_1237,age_status,Deposit_type × continent_country,South America,,resolved,
IOCG,,10,15,66.66666666666667,coordinate_valid_1237,age_status,Deposit_type × continent_country,South America,,unknown,
Magmatic sulfide,,5,17,29.41176470588235,coordinate_valid_1237,age_status,Deposit_type × continent_country,Africa,,resolved,
Magmatic sulfide,,12,17,70.58823529411765,coordinate_valid_1237,age_status,Deposit_type × continent_country,Africa,,unknown,
Magmatic sulfide,,21,38,55.26315789473684,coordinate_valid_1237,age_status,Deposit_type × continent_country,Asia,,resolved,
Magmatic sulfide,,17,38,44.73684210526316,coordinate_valid_1237,age_status,Deposit_type × continent_country,Asia,,unknown,
Magmatic sulfide,,2,4,50.0,coordinate_valid_1237,age_status,Deposit_type × continent_country,Europe,,resolved,
Magmatic sulfide,,2,4,50.0,coordinate_valid_1237,age_status,Deposit_type × continent_country,Europe,,unknown,
Magmatic sulfide,,14,18,77.77777777777777,coordinate_valid_1237,age_status,Deposit_type × continent_country,North America,,resolved,
Magmatic sulfide,,4,18,22.22222222222222,coordinate_valid_1237,age_status,Deposit_type × continent_country,North America,,unknown,
Magmatic sulfide,,4,4,100.0,coordinate_valid_1237,age_status,Deposit_type × continent_country,Oceania,,resolved,
Porphyry,,3,3,100.0,coordinate_valid_1237,age_status,Deposit_type × continent_country,Africa,,resolved,
Porphyry,,147,182,80.76923076923077,coordinate_valid_1237,age_status,Deposit_type × continent_country,Asia,,resolved,
Porphyry,,35,182,19.23076923076923,coordinate_valid_1237,age_status,Deposit_type × continent_country,Asia,,unknown,
Porphyry,,57,65,87.6923076923077,coordinate_valid_1237,age_status,Deposit_type × continent_country,Europe,,resolved,
Porphyry,,8,65,12.307692307692308,coordinate_valid_1237,age_status,Deposit_type × continent_country,Europe,,unknown,
Porphyry,,135,171,78.94736842105263,coordinate_valid_1237,age_status,Deposit_type × continent_country,North America,,resolved,
Porphyry,,36,171,21.05263157894737,coordinate_valid_1237,age_status,Deposit_type × continent_country,North America,,unknown,
Porphyry,,46,52,88.46153846153847,coordinate_valid_1237,age_status,Deposit_type × continent_country,Oceania,,resolved,
Porphyry,,6,52,11.538461538461538,coordinate_valid_1237,age_status,Deposit_type × continent_country,Oceania,,unknown,
Porphyry,,105,122,86.06557377049181,coordinate_valid_1237,age_status,Deposit_type × continent_country,South America,,resolved,
Porphyry,,17,122,13.934426229508198,coordinate_valid_1237,age_status,Deposit_type × continent_country,South America,,unknown,
Sediment-Hosted,,46,53,86.79245283018868,coordinate_valid_1237,age_status,Deposit_type × continent_country,Africa,,resolved,
Sediment-Hosted,,7,53,13.20754716981132,coordinate_valid_1237,age_status,Deposit_type × continent_country,Africa,,unknown,
Sediment-Hosted,,19,23,82.6086956521739,coordinate_valid_1237,age_status,Deposit_type × continent_country,Asia,,resolved,
Sediment-Hosted,,4,23,17.391304347826086,coordinate_valid_1237,age_status,Deposit_type × continent_country,Asia,,unknown,
Sediment-Hosted,,9,11,81.81818181818181,coordinate_valid_1237,age_status,Deposit_type × continent_country,Europe,,resolved,
Sediment-Hosted,,2,11,18.181818181818183,coordinate_valid_1237,age_status,Deposit_type × continent_country,Europe,,unknown,
Sediment-Hosted,,10,27,37.03703703703704,coordinate_valid_1237,age_status,Deposit_type × continent_country,North America,,resolved,
Sediment-Hosted,,17,27,62.96296296296296,coordinate_valid_1237,age_status,Deposit_type × continent_country,North America,,unknown,
Sediment-Hosted,,13,14,92.85714285714286,coordinate_valid_1237,age_status,Deposit_type × continent_country,Oceania,,resolved,
Sediment-Hosted,,1,14,7.142857142857143,coordinate_valid_1237,age_status,Deposit_type × continent_country,Oceania,,unknown,
Sediment-Hosted,,7,10,70.0,coordinate_valid_1237,age_status,Deposit_type × continent_country,South America,,resolved,
Sediment-Hosted,,3,10,30.0,coordinate_valid_1237,age_status,Deposit_type × continent_country,South America,,unknown,
VMS,,2,2,100.0,coordinate_valid_1237,age_status,Deposit_type × continent_country,Africa,,resolved,
VMS,,81,90,90.0,coordinate_valid_1237,age_status,Deposit_type × continent_country,Asia,,resolved,
VMS,,9,90,10.0,coordinate_valid_1237,age_status,Deposit_type × continent_country,Asia,,unknown,
VMS,,67,81,82.71604938271605,coordinate_valid_1237,age_status,Deposit_type × continent_country,Europe,,resolved,
VMS,,14,81,17.28395061728395,coordinate_valid_1237,age_status,Deposit_type × continent_country,Europe,,unknown,
VMS,,128,139,92.0863309352518,coordinate_valid_1237,age_status,Deposit_type × continent_country,North America,,resolved,
VMS,,11,139,7.913669064748201,coordinate_valid_1237,age_status,Deposit_type × continent_country,North America,,unknown,
VMS,,20,23,86.95652173913044,coordinate_valid_1237,age_status,Deposit_type × continent_country,Oceania,,resolved,
VMS,,3,23,13.043478260869565,coordinate_valid_1237,age_status,Deposit_type × continent_country,Oceania,,unknown,
VMS,,4,6,66.66666666666667,coordinate_valid_1237,age_status,Deposit_type × continent_country,South America,,resolved,
VMS,,2,6,33.333333333333336,coordinate_valid_1237,age_status,Deposit_type × continent_country,South America,,unknown,
IOCG,,82,82,100.0,coordinate_valid_1237,coordinate_status,Deposit_type,,,,valid
Magmatic sulfide,,81,81,100.0,coordinate_valid_1237,coordinate_status,Deposit_type,,,,valid
Porphyry,,595,595,100.0,coordinate_valid_1237,coordinate_status,Deposit_type,,,,valid
Sediment-Hosted,,138,138,100.0,coordinate_valid_1237,coordinate_status,Deposit_type,,,,valid
VMS,,341,341,100.0,coordinate_valid_1237,coordinate_status,Deposit_type,,,,valid
,,78,78,100.0,coordinate_valid_1237,coordinate_status,continent_country,Africa,,,valid
,,349,349,100.0,coordinate_valid_1237,coordinate_status,continent_country,Asia,,,valid
,,171,171,100.0,coordinate_valid_1237,coordinate_status,continent_country,Europe,,,valid
,,366,366,100.0,coordinate_valid_1237,coordinate_status,continent_country,North America,,,valid
,,120,120,100.0,coordinate_valid_1237,coordinate_status,continent_country,Oceania,,,valid
,,153,153,100.0,coordinate_valid_1237,coordinate_status,continent_country,South America,,,valid
IOCG,,3,3,100.0,coordinate_valid_1237,coordinate_status,Deposit_type × continent_country,Africa,,,valid
IOCG,,16,16,100.0,coordinate_valid_1237,coordinate_status,Deposit_type × continent_country,Asia,,,valid
IOCG,,10,10,100.0,coordinate_valid_1237,coordinate_status,Deposit_type × continent_country,Europe,,,valid
IOCG,,11,11,100.0,coordinate_valid_1237,coordinate_status,Deposit_type × continent_country,North America,,,valid
IOCG,,27,27,100.0,coordinate_valid_1237,coordinate_status,Deposit_type × continent_country,Oceania,,,valid
IOCG,,15,15,100.0,coordinate_valid_1237,coordinate_status,Deposit_type × continent_country,South America,,,valid
Magmatic sulfide,,17,17,100.0,coordinate_valid_1237,coordinate_status,Deposit_type × continent_country,Africa,,,valid
Magmatic sulfide,,38,38,100.0,coordinate_valid_1237,coordinate_status,Deposit_type × continent_country,Asia,,,valid
Magmatic sulfide,,4,4,100.0,coordinate_valid_1237,coordinate_status,Deposit_type × continent_country,Europe,,,valid
Magmatic sulfide,,18,18,100.0,coordinate_valid_1237,coordinate_status,Deposit_type × continent_country,North America,,,valid
Magmatic sulfide,,4,4,100.0,coordinate_valid_1237,coordinate_status,Deposit_type × continent_country,Oceania,,,valid
Porphyry,,3,3,100.0,coordinate_valid_1237,coordinate_status,Deposit_type × continent_country,Africa,,,valid
Porphyry,,182,182,100.0,coordinate_valid_1237,coordinate_status,Deposit_type × continent_country,Asia,,,valid
Porphyry,,65,65,100.0,coordinate_valid_1237,coordinate_status,Deposit_type × continent_country,Europe,,,valid
Porphyry,,171,171,100.0,coordinate_valid_1237,coordinate_status,Deposit_type × continent_country,North America,,,valid
Porphyry,,52,52,100.0,coordinate_valid_1237,coordinate_status,Deposit_type × continent_country,Oceania,,,valid
Porphyry,,122,122,100.0,coordinate_valid_1237,coordinate_status,Deposit_type × continent_country,South America,,,valid
Sediment-Hosted,,53,53,100.0,coordinate_valid_1237,coordinate_status,Deposit_type × continent_country,Africa,,,valid
Sediment-Hosted,,23,23,100.0,coordinate_valid_1237,coordinate_status,Deposit_type × continent_country,Asia,,,valid
Sediment-Hosted,,11,11,100.0,coordinate_valid_1237,coordinate_status,Deposit_type × continent_country,Europe,,,valid
Sediment-Hosted,,27,27,100.0,coordinate_valid_1237,coordinate_status,Deposit_type × continent_country,North America,,,valid
Sediment-Hosted,,14,14,100.0,coordinate_valid_1237,coordinate_status,Deposit_type × continent_country,Oceania,,,valid
Sediment-Hosted,,10,10,100.0,coordinate_valid_1237,coordinate_status,Deposit_type × continent_country,South America,,,valid
VMS,,2,2,100.0,coordinate_valid_1237,coordinate_status,Deposit_type × continent_country,Africa,,,valid
VMS,,90,90,100.0,coordinate_valid_1237,coordinate_status,Deposit_type × continent_country,Asia,,,valid
VMS,,81,81,100.0,coordinate_valid_1237,coordinate_status,Deposit_type × continent_country,Europe,,,valid
VMS,,139,139,100.0,coordinate_valid_1237,coordinate_status,Deposit_type × continent_country,North America,,,valid
VMS,,23,23,100.0,coordinate_valid_1237,coordinate_status,Deposit_type × continent_country,Oceania,,,valid
VMS,,6,6,100.0,coordinate_valid_1237,coordinate_status,Deposit_type × continent_country,South America,,,valid
